-- phpMyAdmin SQL Dump
-- version 5.2.1
-- https://www.phpmyadmin.net/
--
-- Hôte : 127.0.0.1
-- Généré le : jeu. 02 nov. 2023 à 12:13
-- Version du serveur : 10.4.28-MariaDB
-- Version de PHP : 8.2.4

SET SQL_MODE = "NO_AUTO_VALUE_ON_ZERO";
START TRANSACTION;
SET time_zone = "+00:00";


/*!40101 SET @OLD_CHARACTER_SET_CLIENT=@@CHARACTER_SET_CLIENT */;
/*!40101 SET @OLD_CHARACTER_SET_RESULTS=@@CHARACTER_SET_RESULTS */;
/*!40101 SET @OLD_COLLATION_CONNECTION=@@COLLATION_CONNECTION */;
/*!40101 SET NAMES utf8mb4 */;

--
-- Base de données : `tpc`
--

-- --------------------------------------------------------

--
-- Structure de la table `archivebon_commande`
--

CREATE TABLE `archivebon_commande` (
  `id` int(11) NOT NULL,
  `num_bon_commande` varchar(10) NOT NULL,
  `date_bon_commande` varchar(20) NOT NULL,
  `client` int(11) NOT NULL,
  `piecejointe` varchar(100) NOT NULL,
  `num_bon_commandeFournisseur` varchar(250) DEFAULT NULL
) ENGINE=InnoDB DEFAULT CHARSET=utf8mb4 COLLATE=utf8mb4_general_ci;

--
-- Déchargement des données de la table `archivebon_commande`
--

INSERT INTO `archivebon_commande` (`id`, `num_bon_commande`, `date_bon_commande`, `client`, `piecejointe`, `num_bon_commandeFournisseur`) VALUES
(2, '01/2023', '2023-01-11', 3, '', ''),
(4, '02/2023', '2023-01-27', 4, '', ''),
(5, '03/2023', '2023-01-30', 5, '', ''),
(6, '04/2023', '2023-02-06', 6, '', ''),
(7, '05/2023', '2023-02-02', 7, '', ''),
(8, '06/2023', '2023-02-02', 8, '', ''),
(9, '07/2023', '2023-03-03', 9, '', ''),
(10, '08/2023', '2023-02-06', 10, '', ''),
(12, '010/2023', '2023-02-08', 12, '', ''),
(13, '11/2023', '2023-02-15', 13, '', ''),
(14, '12/2023', '2023-02-17', 14, '', ''),
(15, '13/2023', '2023-02-17', 15, '', ''),
(16, '14/2023', '2023-02-21', 16, '', ''),
(17, '15/2023', '2023-02-24', 17, '', ''),
(18, '16/2023', '2023-02-24', 17, '', ''),
(19, '17/2023', '2023-02-24', 17, '', ''),
(20, '18/2023', '2023-03-01', 18, '', ''),
(21, '19/2023', '2023-03-01', 19, '', ''),
(22, '20/2023', '2023-03-01', 19, '', ''),
(23, '21/2023', '2023-03-07', 20, '', ''),
(24, '22/2023', '2023-03-08', 15, '', ''),
(25, '23/2023', '2023-03-08', 21, '', ''),
(26, '24/2023', '2023-03-08', 22, '', ''),
(27, '25/2023', '2023-03-13', 23, '', ''),
(28, '26/2023', '2023-03-21', 24, '', '0000259'),
(29, '27/2023', '2023-03-21', 24, 'ECME16-03-23.pdf', '0000271'),
(30, '28/2023', '2023-03-21', 25, '', ''),
(31, '29/2023', '2023-03-22', 6, '', ''),
(32, '30/2023', '2023-03-27', 26, '', ''),
(33, '31/2023', '2023-03-27', 15, '', ''),
(34, '32/2023', '2023-03-27', 27, '', ''),
(35, '33/2023', '2023-03-28', 27, '', ''),
(36, '34/2023', '2023-04-11', 28, '', ''),
(37, '35/2023', '2023-04-12', 29, '', ''),
(38, '36/2023', '2023-04-12', 30, '', ''),
(39, '37/2023', '2023-05-02', 31, '', ''),
(40, '38/2023', '2023-05-03', 19, '', ''),
(41, '39/2023', '2023-05-05', 32, '', ''),
(42, '40/2023', '2023-05-05', 33, '', ''),
(43, '41/2023', '2023-05-08', 34, '', ''),
(44, '42/2023', '2023-05-08', 34, '', ''),
(46, '43/2023', '2023-05-08', 34, '', ''),
(47, '44/2023', '2023-05-12', 35, '', ''),
(48, '45/2023', '2023-05-15', 36, '', ''),
(49, '46/2023', '2023-05-15', 27, '', ''),
(50, '47/2023', '2023-05-16', 37, '', ''),
(52, '48/2023', '2023-05-16', 38, 'LES CARRELAGES28-03-23.pdf', '03026'),
(53, '49/2023', '2023-05-17', 39, '', ''),
(54, '50/2023', '2023-05-17', 40, '', ''),
(55, '51/2023', '2023-05-17', 41, '', ''),
(56, '52/2023', '2023-05-22', 42, '', ''),
(57, '53/2023', '2023-05-23', 43, '', ''),
(58, '54/2023', '2023-05-25', 44, 'SOFIN PLANT17-05-23.pdf', '000026'),
(59, '55/2023', '2023-05-25', 15, '', ''),
(60, '56/2023', '2023-05-25', 45, '', ''),
(61, '57/2023', '2023-05-26', 37, '', ''),
(62, '58/2023', '2023-05-26', 47, '', ''),
(63, '59/2023', '2023-05-26', 48, 'P2K17-03-23.pdf', '000080'),
(64, '60/2023', '2023-05-30', 49, '', ''),
(65, '61/2023', '2023-06-01', 22, '', ''),
(66, '62/2023', '2023-06-02', 50, '', ''),
(67, '63/2023', '2023-06-06', 51, '', ''),
(68, '64/2023', '2023-06-06', 52, '', ''),
(69, '65/2023', '2023-06-06', 53, '', ''),
(70, '66/2023', '2023-06-06', 54, '', ''),
(71, '67/2023', '2023-06-07', 4, '', ''),
(72, '68/2023', '2023-06-06', 55, '', ''),
(73, '69/2023', '2023-06-12', 56, '', ''),
(74, '70/2023', '2023-06-12', 57, '', ''),
(75, '71/2023', '2023-06-13', 58, '', ''),
(76, '72/2023', '2023-06-13', 59, 'BELLA COSMETICA08-06-23.pdf', '000411'),
(77, '73/2023', '2023-06-14', 32, '', ''),
(78, '74/2023', '2023-06-15', 60, 'TUNITEK INDUSTRY08-05-23.pdf', '01367'),
(79, '75/2023', '2023-06-15', 61, '', ''),
(80, '76/2023', '2023-06-15', 62, '', ''),
(81, '77/2023', '2023-06-15', 63, '', ''),
(82, '78/2023', '2023-06-15', 64, '', ''),
(83, '79/2023', '2023-06-20', 65, 'STE CHIMEX08-06-23.pdf', ''),
(84, '80/2023', '2023-06-21', 62, '', ''),
(85, '81/2023', '2023-07-03', 66, '', ''),
(86, '82/2023', '2023-07-03', 67, '', ''),
(87, '83/2023', '2023-07-04', 52, '', ''),
(88, '84/2023', '2023-07-17', 68, '', ''),
(89, '85/2023', '2023-07-18', 69, '', ''),
(90, '86/2023', '2023-07-21', 15, '', ''),
(91, '87/2023', '2023-07-21', 27, '', ''),
(92, '88/2023', '2023-07-21', 70, '', ''),
(93, '89/2023', '2023-07-26', 71, '', ''),
(94, '90/2023', '2023-08-01', 72, '', ''),
(95, '91/2023', '2023-08-08', 73, 'MEDITECNMC05-07-23.pdf', '001381'),
(96, '92/2023', '2023-08-08', 74, '', ''),
(97, '93/2023', '2023-08-08', 75, '', ''),
(98, '94/2023', '2023-08-15', 76, '', ''),
(100, '96/2023', '2023-08-17', 82, '', ''),
(101, '97/2023', '2023-08-18', 78, '', ''),
(102, '98/2023', '2023-08-23', 79, '', ''),
(103, '99/2023', '2023-08-23', 80, 'STE BEST BROTHERS SHOES22-08-23.pdf', '0077'),
(104, '100/2023', '2023-08-31', 83, '', ''),
(105, '101/2023', '2023-08-31', 54, '', '');

-- --------------------------------------------------------

--
-- Structure de la table `archivefacture`
--

CREATE TABLE `archivefacture` (
  `id` int(11) NOT NULL,
  `num_fact` varchar(10) DEFAULT NULL,
  `client` int(11) DEFAULT NULL,
  `date` text DEFAULT NULL,
  `joindre` varchar(250) NOT NULL,
  `reglement` varchar(250) DEFAULT NULL,
  `typeReglement` varchar(250) DEFAULT NULL,
  `numcheque` varchar(250) DEFAULT NULL,
  `datecheque` varchar(250) DEFAULT NULL,
  `retenu` varchar(250) DEFAULT NULL,
  `Projets` text NOT NULL
) ENGINE=InnoDB DEFAULT CHARSET=utf8mb4 COLLATE=utf8mb4_general_ci;

--
-- Déchargement des données de la table `archivefacture`
--

INSERT INTO `archivefacture` (`id`, `num_fact`, `client`, `date`, `joindre`, `reglement`, `typeReglement`, `numcheque`, `datecheque`, `retenu`, `Projets`) VALUES
(4, '02/2023', 4, '2023-01-27', 'FACT 02- STE GTS COMPLEXE CULTURELLE CITE ETTAHRIR.xlsx', '', '', '', '', '', ''),
(5, '03/2023', 5, '2023-08-30', 'FACT 03- STE ZKK KORBA.xlsx', 'oui', 'ESPES', '', '', '', ''),
(6, '04/2023', 6, '2023-02-02', 'FACT 04- STE PARETEC OUARDIA.xlsx', 'oui', '', '', '', '', ''),
(7, '05/2023', 7, '2023-02-02', 'FACT 05- STE maghreb revetement.xlsx', '', '', '', '', '', ''),
(8, '06/2023', 8, '2023-02-02', '6.pdf', 'oui', '', '', '', '', ''),
(9, '09/2023', 9, '2023-02-03', '', 'oui', '', '', '', '', ''),
(10, '08/2023', 10, '2023-02-06', 'FACT 08- STE OLICARPO JEDEIDA.xlsx', 'oui', '', '', '', '', ''),
(12, '10/2023', 12, '2023-02-08', 'FACT 10- STE SMILE COMMUNICATION MONPLAISIR.xlsx', 'oui', '', '', '', '', ''),
(13, '11/2023', 13, '2023-02-15', 'FACT 11 - STE assurance maghrebia.xlsx', 'oui', 'cheque', '0043965', '', '', ''),
(14, '12/2023', 14, '2023-02-17', 'FACT 12 - STE sipah.xlsx', '', '', '', '', '', ''),
(15, '13/2023', 15, '2023-02-17', 'FACT 13- STE SOTRADIES Z.I CHARGUIA.xlsx', 'oui', 'cheque', '0331430', '', '', ''),
(16, '14/2023', 16, '2023-02-21', 'FACT 14- STE VECTEUR KSAR SAID.xlsx', 'oui', '', '', '', '', ''),
(17, '15/2023', 17, '2023-02-24', '15.pdf', 'oui', '', '', '', '27-04-2023', ''),
(18, '16/2023', 17, '2023-02-24', '16.pdf', 'oui', '', '', '', '', ''),
(19, '17/2023', 17, '2023-08-24', '17.pdf', '', '', '', '', '', ''),
(20, '18/2023', 18, '2023-03-01', '18.pdf', 'oui', 'ESPES', '', '', '', ''),
(21, '19/2023', 19, '2023-03-01', 'FACT 19- FONDATION UNIVERSITAIRE BOUEBDELLI.xlsx', 'oui', 'cheque', '', '', '', ''),
(22, '20/2023', 19, '2023-03-01', 'FACT 20- FONDATION UNIVERSITAIRE BOUEBDELLI.xlsx', 'oui', 'cheque', '0109409', '2023-06-15', '2023-05-15', ''),
(23, '21/2023', 20, '2023-03-07', 'FACT 21- STE CAP BON SIDI DHAHER NABEUL.xlsx', '', '', '', '', '', ''),
(24, '22/2023', 15, '2023-03-08', 'FACT 22- STE SOTRADIES Z.I CHARGUIA.xlsx', 'oui', 'cheque', '0331431', '', '', ''),
(25, '23/2023', 21, '2023-03-08', '23.pdf', 'oui', 'cheque', '', '', '', ''),
(26, '24/2023', 22, '2023-03-08', 'FACT 24- STE SOTHITER Z.I KSAR SAID.xlsx', 'oui', 'cheque', '', '', '', ''),
(27, '25/2023', 23, '2023-03-13', '25.pdf', 'oui', '', '', '', '', ''),
(28, '26/2023', 24, '2023-03-21', '26.pdf', 'oui', '', '', '', '', ''),
(29, '27/2023', 24, '2023-03-21', '27.pdf', 'oui', '', '', '', '', ''),
(30, '28/2023', 25, '2023-03-21', '28.pdf', '', '', '', '', '', ''),
(31, '29/2023', 6, '2023-03-22', 'FACT 29- STE PARETEC OUARDIA.xlsx', 'oui', 'cheque', '2348228', '', '', ''),
(32, '30/2023', 26, '2023-03-27', 'FACT 30- STE PM.ELCOM MHAMDIA.xlsx', 'oui', '', '', '', '', ''),
(33, '31/2023', 15, '2023-03-27', 'FACT 31- STE SOTRADIES Z.I CHARGUIA.xlsx', '', '', '', '', '', ''),
(34, '32/2023', 27, '2023-03-27', 'FACT 32- STE GAM Z.I KRAM.xlsx', 'oui', 'cheque', '0547072', '', '26-04-2023', ''),
(35, '33/2023', 27, '2023-03-28', 'FACT 33- STE GAM Z.I KRAM.xlsx', 'oui', 'cheque', '0547030', '', '', ''),
(36, '34/2023', 28, '2023-04-11', '34.pdf', 'oui', 'cheque', '0003560', '', '', ''),
(37, '35/2023', 29, '2023-04-12', 'FACT 35- STE DISA TRADING BOUMHAL.xlsx', '', '', '', '', '', ''),
(38, '36/2023', 30, '2023-04-12', 'FACT 36- STE MEGA PRINTING PACKAGING Z.I CHARGUIA.xlsx', 'oui', '', '', '', '', ''),
(39, '37/2023', 31, '2023-05-02', 'FACT 37- STE PHILBERT TUNISIE.xlsx', 'oui', '', '', '', '', ''),
(40, '38/2023', 19, '2023-05-03', 'FACT 38- FONDATION UNIVERSITAIRE BOUEBDELLI - B4.xlsx', 'oui', 'cheque', '0109477', '2023-06-22', '2023-06-22', ''),
(41, '39/2023', 32, '2023-05-05', 'FACT 39- ste socoopec-pont roulant.xlsx', 'oui', 'cheque', '2474044', '', '', ''),
(42, '40/2023', 33, '2023-05-05', '', '', '', '', '', '', ''),
(43, '41/2023', 34, '2023-05-08', 'FACT 41- STE GTI RADES.xlsx', '', '', '', '', '', ''),
(44, '42/2023', 34, '2023-05-08', 'FACT 42- STE GTI SOUSSE.xlsx', '', '', '', '', '', ''),
(45, '43/2023', 34, '2023-05-08', 'FACT 43- STE GTI SFAX.xlsx', '', '', '', '', '', ''),
(46, '44/2023', 35, '2023-05-12', 'FACT 44 RESTAURANT TOURISTIQUE LASTRAGALE.xlsx', '', '', '', '', '', ''),
(47, '45/2023', 36, '2023-05-15', '', '', '', '', '', '', ''),
(48, '46/2023', 27, '2023-05-15', 'FACT 46- STE GAM Z.I KRAM.xlsx', 'oui', 'cheque', '0547115', '', '25-05-2023', ''),
(49, '47/2023', 37, '2023-05-16', 'FACT 47 HIDROMATIQUE TUNISIA SARL.xlsx', '', '', '', '', '', ''),
(50, '48/2023', 38, '2023-05-16', 'FACT 48 CARRELAGES DU CAP BON.xlsx', 'oui', 'cheque', '6323579', '', '29-05-2023', ''),
(51, '49/2023', 39, '2023-05-17', 'FACT 49- CLINIQUE MEDIALE SOLIMAN.xlsx', 'oui', 'VIRREMENT', '', '', '', ''),
(52, '50/2023', 40, '2023-05-17', 'FACT 50-STE ESSYAHA RESTO.xlsx', 'oui', 'cheque', '', '', '', ''),
(53, '51/2023', 41, '2023-05-17', 'FACT 51-centre animation moods-gammarth.xlsx', 'oui', '', '', '', '', ''),
(54, '52/2023', 42, '2023-05-22', 'FACT 52- STE LDEALE LYCEE PRIVE NABEUL.xlsx', 'oui', '', '', '', '2023-05-22', ''),
(55, '53/2023', 43, '2023-05-23', 'FACT 53- STE  SLEIMA-BOUMHEL.xlsx', 'oui', 'cheque', '8022426', '', '2023-05-26', ''),
(56, '54/2023', 44, '2023-05-25', 'FACT 54 STE SOFIN PLANT.xlsx', 'oui', 'cheque', '', '', '', ''),
(57, '55/2023', 15, '2023-05-25', 'FACT 55- STE SOTRADIES Z.I CHARGUIA.xlsx', '', '', '', '', '', ''),
(58, '56/2023', 45, '2023-05-26', 'FACT 56- STE EL ALIA.xlsx', 'oui', 'cheque', '0001388', '', '', ''),
(59, '57/2023', 46, '2023-05-26', 'FACT 57- STE HYDROMATIQUE.xlsx', 'oui', '', '', '', '', ''),
(60, '58/2023', 47, '2023-05-26', 'FACT 58- STE STQ.xlsx', 'oui', 'cheque', '8486256', '', '2023-06-08', ''),
(61, '59/2023', 48, '2023-05-26', 'FACT 59- STE P2K NORD AFRIQUE.xlsx', 'oui', 'VIRREMENT', '', '', '', ''),
(62, '60/2023', 49, '2023-05-30', 'FACT 60 MEUBLENTUB.xlsx', 'oui', 'cheque', '0584386', '', '', ''),
(63, '61/2023', 22, '2023-06-01', '', 'oui', 'cheque', '0886392', '', '', ''),
(64, '62/2023', 50, '2023-06-02', 'FACT 62 STE HABIB MECHRGUI.xlsx', 'oui', 'cheque', '', '', '', ''),
(65, '63/2023', 51, '2023-06-06', 'FACT 63viticole bir dressen.xlsx', '', '', '', '', '', ''),
(66, '64/2023', 52, '2023-06-06', '', 'oui', 'cheque', '0026469', '', '2023-06-09', ''),
(67, '65/2023', 53, '2023-06-06', 'FACT 65-MMS FOOD.xlsx', 'oui', 'cheque', '0000060', '', '', ''),
(68, '66/2023', 54, '2023-06-06', 'FACT 66- STE CODEMAT.xlsx', 'oui', 'cheque', '0000919', '', '', ''),
(69, '67/2023', 81, '2023-06-07', 'FACT 67-GTS WIKAYA.xlsx', 'oui', 'cheque', '2075339', '', '', ''),
(70, '68/2023', 55, '2023-06-06', 'FACT 68- STE CENTRALE COMMERCIALE.xlsx', 'oui', 'cheque', '8263745', '', '2023-06-08', ''),
(71, '69/2023', 56, '2023-06-12', '', 'oui', 'cheque', '0002009', '', '', ''),
(72, '70/2023', 57, '2023-06-12', 'FACT 70 stdg golf yasmine hammamet.xlsx', 'oui', 'cheque', '0000425', '', '', ''),
(73, '71/2023', 58, '2023-06-13', 'FACT 71 STE WIKI ACADEMY.xlsx', '', '', '', '', '', ''),
(74, '72/2023', 59, '2023-06-13', 'FACT 72 STE BELLA COSMETIQUE.xlsx', 'oui', 'ESPES', '', '', '', ''),
(75, '73/2023', 32, '2023-06-14', 'FACT 73- ste socoopec-.xlsx', '', '', '', '', '', ''),
(76, '74/2023', 60, '2023-06-15', 'FACT 74- ste tunitek.xlsx', 'oui', 'cheque', '0004486', '', '', ''),
(77, '75/2023', 61, '2023-06-15', 'FACT 75- STE FIRAS DE NEGOCE INTERNATIONALE.xlsx', 'oui', 'cheque', '5205262', '', '', ''),
(78, '76/2023', 62, '2023-06-15', 'FACT 76 STE ILIADE CONSULTING TUNISIE.xlsx', 'oui', 'VIRREMENT', '', '', '', ''),
(79, '77/2023', 63, '2023-06-15', 'FACT 77- STE SOCODAL-2023.xlsx', 'oui', 'cheque', '0033563', '', '', ''),
(80, '78/2023', 64, '2023-06-15', 'FACT 78- STE PROLIFT ARIANA.xlsx', 'oui', 'ESPES', '', '', '2023-06-19', ''),
(81, '79/2023', 65, '2023-06-21', 'FACT 79- STE chimex.xlsx', 'oui', 'cheque', '0006755', '', '', ''),
(82, '80/2023', 62, '2023-06-21', 'FACT 80 STE ILIADE CONSULTING I.xlsx', 'oui', 'VIRREMENT', '', '', '', ''),
(83, '81/2023', 66, '2023-07-03', 'FACT 81 mr slaheddine hlawa-lycee jean mace.xlsx', 'oui', 'ESPES', '', '', '', ''),
(84, '82/2023', 67, '2023-07-03', '', '', '', '', '', '', ''),
(85, '83/2023', 52, '2023-07-04', 'FACT83- STE DACHSER RADES .xlsx', '', '', '', '', '', ''),
(86, '84/2023', 68, '2023-07-17', 'FACT 84...- hotel acqua viva.xlsx', '', '', '', '', '', ''),
(87, '85/2023', 69, '2023-07-18', 'FACT 85- academy americain.xlsx', 'oui', 'ESPES', '', '', '', ''),
(88, '86/2023', 15, '2023-07-21', 'FACT 86- STE SOTRADIES Z.I CHARGUIA.xlsx', '', '', '', '', '', ''),
(89, '87/2023', 27, '2023-07-21', 'FACT 87- STE GAM Z.I KRAM -.xlsx', '', '', '', '', '', ''),
(90, '88/2023', 70, '2023-07-21', 'FACT 88- SAMFI.xlsx', '', '', '', '', '', ''),
(91, '89/2023', 71, '2023-07-26', 'FACT 89 STE AFRILANCE.xlsx', 'oui', 'ESPES', '', '', '', ''),
(92, '90/2023', 72, '2023-08-01', 'img20230824_10253357.pdf', 'oui', 'cheque', '1250182', '', '', ''),
(93, '91/2023', 73, '2023-08-08', 'FACT 91- STE MEDITEC.xlsx', '', '', '', '', '', ''),
(94, '92/2023', 74, '2023-08-08', 'FACT 92-23-STE MSB INTER SERVICE.xlsx', '', '', '', '', '', ''),
(95, '93/2023', 75, '2023-08-08', 'FACT 93- STE REVOLON.xlsx', '', '', '', '', '', ''),
(96, '94/2023', 76, '2023-08-15', '', '', '', '', '', '', ''),
(98, '96/2023', 56, '2023-08-17', 'img20230824_10362465.pdf', 'oui', 'cheque', '7202343', '', '', ''),
(99, '97/2023', 78, '2023-07-18', 'img20230824_10371267.pdf', '', '', '', '', '', ''),
(100, '98/2023', 79, '2023-08-23', 'FACT 98 STE EL ANOUAR.xlsx', 'OUI', 'CHEQUE', '0050148', '05/09/2023', '23/08/2023', ''),
(101, '99/2023', 80, '2023-08-23', 'FACT 99- BBS-DAR CHAABANE.xlsx', '', '', '', '', '', ''),
(105, '100/2023', 83, '2023-08-30', '', NULL, NULL, NULL, NULL, NULL, ''),
(106, '101/2023', 54, NULL, '', NULL, NULL, NULL, NULL, NULL, ''),
(107, '01/2023', 3, '11/01/23', '', 'oui', NULL, NULL, NULL, NULL, '-Projet 1<br>\r\n-Projet 2<br>-Ptrojet 3<br>-Projet 4'),
(109, '95/2023', 77, '17/08/2023', '', 'OUI', 'CHEQUE', '1393941', NULL, NULL, ''),
(110, '07/2023', 9, '03/02/2023', '', 'OUI', NULL, NULL, NULL, NULL, '');

-- --------------------------------------------------------

--
-- Structure de la table `archiveoffre`
--

CREATE TABLE `archiveoffre` (
  `id` int(11) NOT NULL,
  `num_offre` varchar(10) DEFAULT NULL,
  `factureArchive` varchar(110) DEFAULT NULL,
  `client` int(11) DEFAULT NULL,
  `date` text DEFAULT NULL,
  `joindreOffre` varchar(250) NOT NULL
) ENGINE=InnoDB DEFAULT CHARSET=utf8mb4 COLLATE=utf8mb4_general_ci;

--
-- Déchargement des données de la table `archiveoffre`
--

INSERT INTO `archiveoffre` (`id`, `num_offre`, `factureArchive`, `client`, `date`, `joindreOffre`) VALUES
(15, '02/2023', '02/2023', 4, '2023-01-27', 'Offre téléphonique'),
(16, '03/2023', '03/2023', 5, '2023-01-30', 'Offre téléphonique'),
(17, '04/2023', '04/2023', 6, '2023-02-02', 'Offre téléphonique'),
(18, '05/2023', '05/2023', 7, '2023-02-02', 'Offre téléphonique'),
(20, '06/2023', '06/2023', 8, '2023-02-02', 'Offre téléphonique'),
(21, '07/2023', '09/2023', 9, '2023-01-18', 'off 2301-23 STE ALPHA GTI CROISSANCE.docx'),
(22, '06/2023', '06/2023', 10, '2023-02-06', 'Offre téléphonique'),
(24, '10/2023', '10/2023', 12, '2023-02-08', 'Offre téléphonique'),
(25, '11/2023', '11/2023', 13, '2023-02-08', 'Offre téléphonique'),
(26, '12/2023', '12/2023', 14, '2023-02-17', 'Offre téléphonique'),
(27, '13/2023', '13/2023', 15, '2023-02-17', 'Offre téléphonique'),
(28, '14/2023', '14/2023', 16, '2023-02-21', 'Offre téléphonique'),
(29, '15/2023', '15/2023', 17, '2023-02-24', 'Offre téléphonique'),
(30, '16/2023', '16/2023', 17, '2023-02-24', 'Offre téléphonique'),
(31, '17/2023', '17/2023', 17, '2023-02-24', 'Offre téléphonique'),
(32, '18/2023', '18/2023', 18, '2023-03-01', 'Offre téléphonique'),
(33, '19/2023', '19/2023', 19, '2023-03-01', 'Offre téléphonique'),
(34, '20/2023', '20/2023', 19, '2023-03-01', 'Offre téléphonique'),
(35, '21/2023', '21/2023', 20, '2023-03-07', 'Offre téléphonique'),
(36, '22/2023', '22/2023', 15, '2023-03-08', 'Offre téléphonique'),
(37, '23/2023', '23/2023', 21, '2023-03-08', 'Offre téléphonique'),
(38, '23/2023', '23/2023', 22, '2023-03-08', 'Offre téléphonique'),
(39, '25/2023', '25/2023', 23, '2023-03-13', 'Offre téléphonique'),
(40, '26/2023', '26/2023', 24, '2023-03-21', 'Offre téléphonique'),
(41, '27/2023', '27/2023', 24, '2023-03-21', 'Offre téléphonique'),
(42, '28/2023', '28/2023', 25, '2023-03-21', 'Offre téléphonique'),
(43, '29/2023', '29/2023', 6, '2023-03-22', 'Offre téléphonique'),
(44, '30/2023', '30/2023', 26, '2023-03-27', 'Offre téléphonique'),
(45, '31/2023', '31/2023', 15, '2023-03-27', 'Offre téléphonique'),
(46, '32/2023', '32/2023', 27, '2023-03-27', 'Offre téléphonique'),
(47, '34/2023', '34/2023', 28, '2023-04-11', 'Offre téléphonique'),
(48, '35/2023', '35/2023', 29, '2023-04-12', 'Offre téléphonique'),
(49, '36/2023', '36/2023', 30, '2023-03-10', 'off 05.23 ste MEGA PRINTING AND PACKAGING Z.I CHARGUIA.docx'),
(50, '37/2023', '37/2023', 31, '2023-03-21', 'off 07.23 ste PHILBERT TUNISIE MEGRINE.docx'),
(51, '38/2023', '38/2023', 19, '2023-05-03', 'Offre téléphonique'),
(52, '39/2023', '39/2023', 32, '2023-05-05', 'Offre téléphonique'),
(53, '40/2023', '40/2023', 33, '2023-05-05', 'Offre téléphonique'),
(54, '41/2023', '41/2023', 34, '2023-01-18', 'off 2301-23 STE ALPHA GTI CROISSANCE.docx'),
(55, '44/2023', '44/2023', 35, '2023-05-12', 'Offre téléphonique'),
(56, '45/2023', '45/2023', 36, '2023-05-15', 'Offre téléphonique'),
(57, '46/2023', '46/2023', 27, '2023-05-15', 'Offre téléphonique'),
(58, '47/2023', '47/2023', 37, '2023-05-16', 'Offre téléphonique'),
(59, '48/2023', '48/2023', 38, '2023-03-22', 'off 08.23 STE LE CARRELAGES DU CAP BON NABEUL.docx'),
(60, '49/2023', '49/2023', 39, '2023-05-17', 'Offre téléphonique'),
(61, '50/2023', '50/2023', 40, '2023-05-17', 'Offre téléphonique'),
(62, '51/2023', '51/2023', 41, '2023-05-17', 'Offre téléphonique'),
(63, '52/2023', '52/2023', 42, '2023-05-22', 'Offre téléphonique'),
(64, '53/2023', '53/2023', 43, '2023-05-19', 'ste slema.pdf'),
(65, '54/2023', '54/2023', 44, '2023-05-15', 'sofin plant.pdf'),
(66, '55/2023', '55/2023', 15, '2023-05-25', 'Offre téléphonique'),
(67, '56/2023', '56/2023', 45, '2023-05-25', 'Offre téléphonique'),
(68, '57/2023', '57/2023', 46, '2023-05-26', 'Offre téléphonique'),
(69, '58/2023', '58/2023', 47, '2023-05-26', 'Offre téléphonique'),
(70, '59/2023', '59/2023', 48, '2023-05-12', 'ste p2k.pdf'),
(71, '60/2023', '60/2023', 49, '2023-05-30', 'Offre téléphonique'),
(72, '61/2023', '61/2023', 22, '2023-06-01', 'Offre téléphonique'),
(73, '62/2023', '62/2023', 50, '2023-02-08', 'hbib mechrgui 0802-23.pdf'),
(74, '63/2023', '63/2023', 51, '2023-06-06', 'Offre téléphonique'),
(75, '64/2023', '64/2023', 52, '2023-06-06', 'Offre téléphonique'),
(76, '65/2023', '65/2023', 53, '2023-06-06', 'Offre téléphonique'),
(77, '66/2023', '66/2023', 54, '2023-06-06', 'Offre téléphonique'),
(78, '67/2023', '67/2023', 81, '2023-06-07', 'Offre téléphonique'),
(79, '68/2023', '68/2023', 55, '2023-06-06', 'Offre téléphonique'),
(80, '65/2023', '65/2023', 56, '2023-06-12', 'Offre téléphonique'),
(81, '70/2023', '70/2023', 57, '2023-06-12', 'Offre téléphonique'),
(82, '71/2023', '71/2023', 58, '2023-06-13', 'Offre téléphonique'),
(83, '72/2023', '72/2023', 59, '2023-06-13', 'Offre téléphonique'),
(84, '73/2023', '73/2023', 32, '2023-06-14', 'Offre téléphonique'),
(85, '74/2023', '74/2023', 60, '2023-06-15', 'off 0203 23 STE TUNITEK Z.I EL AGBA.docx'),
(86, '75/2023', '75/2023', 61, '2023-06-15', 'Offre téléphonique'),
(88, '76/2023', '76/2023', 62, '2023-06-15', 'Offre téléphonique'),
(89, '77/2023', '77/2023', 63, '2023-06-15', 'Offre téléphonique'),
(90, '78/2023', '78/2023', 64, '2023-06-15', 'Offre téléphonique'),
(91, '79/2023', '79/2023', 65, '2023-06-20', 'Offre téléphonique'),
(92, '80/2023', '80/2023', 62, '2023-06-21', 'Offre téléphonique'),
(93, '81/2023', '81/2023', 66, '2023-07-03', 'Offre téléphonique'),
(94, '82/2023', '82/2023', 67, '2023-07-03', 'Offre téléphonique'),
(95, '83/2023', '83/2023', 52, '2023-07-04', 'Offre téléphonique'),
(96, '84/2023', '84/2023', 68, '2023-07-17', 'Offre téléphonique'),
(97, '85/2023', '85/2023', 69, '2023-07-18', 'Offre téléphonique'),
(98, '86/2023', '86/2023', 15, '2023-07-21', 'Offre téléphonique'),
(99, '87/2023', '87/2023', 27, '2023-07-21', 'Offre téléphonique'),
(100, '88/2023', '88/2023', 70, '2023-07-21', 'Offre téléphonique'),
(101, '89/2023', '89/2023', 71, '2023-07-26', 'Offre téléphonique'),
(102, '90/2023', '90/2023', 72, '2023-08-01', 'Offre téléphonique'),
(103, '91/2023', '91/2023', 73, '2023-08-08', 'Offre téléphonique'),
(104, '92/2023', '92/2023', 74, '2023-08-08', 'Offre téléphonique'),
(105, '93/2023', '93/2023', 75, '2023-08-08', 'Offre téléphonique'),
(106, '94/2023', '94/2023', 76, '2023-08-15', 'Offre téléphonique'),
(108, '96/2023', '96/2023', 82, '2023-08-17', 'Offre téléphonique'),
(109, '97/2023', '97/2023', 78, '2023-07-23', 'Offre téléphonique'),
(110, '98/2023', '98/2023', 79, '2023-07-23', 'Offre téléphonique'),
(111, '99/2023', '99/2023', 80, '2023-08-23', 'Offre téléphonique'),
(112, '100/2023', '100/2023', 83, '2023-08-30', 'ste confort et creation100.pdf'),
(113, '101/2023', '101/2023', 54, '2023-08-31', 'ste codemat 101.pdf'),
(114, '100/2023', '100/2023', 83, '2023-08-30', 'Offre téléphonique'),
(115, '101/2023', '101/2023', 54, '2023-08-31', 'Offre téléphonique');

-- --------------------------------------------------------

--
-- Structure de la table `archive_bordereaux`
--

CREATE TABLE `archive_bordereaux` (
  `id` int(11) NOT NULL,
  `num_bordereaux` varchar(11) NOT NULL,
  `date` varchar(10) NOT NULL,
  `num_fact` varchar(10) NOT NULL,
  `pieces_jointe` text NOT NULL
) ENGINE=InnoDB DEFAULT CHARSET=utf8mb4 COLLATE=utf8mb4_general_ci;

--
-- Déchargement des données de la table `archive_bordereaux`
--

INSERT INTO `archive_bordereaux` (`id`, `num_bordereaux`, `date`, `num_fact`, `pieces_jointe`) VALUES
(4, '02/2023', '2023-01-27', '02/2023', ''),
(5, '03/2023', '2023-01-30', '03/2023', ''),
(6, '04/2023', '2023-02-02', '04/2023', ''),
(7, '05/2023', '2023-02-02', '05/2023', ''),
(8, '06/2023', '2023-02-02', '06/2023', ''),
(9, '07/2023', '2023-02-03', '09/2023', ''),
(10, '08/2023', '2023-02-06', '08/2023', ''),
(12, '10/2023', '2023-02-08', '10/2023', ''),
(13, '11/2023', '2023-02-15', '11/2023', ''),
(14, '12/2023', '2023-02-17', '12/2023', ''),
(15, '13/2023', '2023-02-17', '13/2023', ''),
(16, '14/2023', '2023-02-21', '14/2023', ''),
(17, '15/2023', '2023-02-24', '15/2023', ''),
(18, '16/2023', '2023-02-24', '16/2023', ''),
(19, '17/2023', '2023-02-24', '17/2023', ''),
(20, '18/2023', '2023-03-01', '18/2023', ''),
(21, '19/2023', '2023-03-01', '19/2023', ''),
(22, '20/2023', '2023-03-01', '20/2023', ''),
(23, '21/2023', '2023-03-07', '21/2023', ''),
(24, '22/2023', '2023-03-08', '22/2023', ''),
(25, '23/2023', '2023-03-08', '23/2023', ''),
(26, '24/2023', '2023-03-08', '24/2023', ''),
(27, '25/2023', '2023-03-13', '25/2023', ''),
(28, '26/2023', '2023-03-21', '26/2023', ''),
(29, '27/2023', '2023-03-27', '27/2023', ''),
(30, '28/2023', '2023-03-21', '28/2023', ''),
(31, '29/2023', '2023-03-22', '29/2023', ''),
(32, '30/2023', '2023-03-27', '30/2023', ''),
(33, '31/2023', '2023-03-27', '31/2023', ''),
(34, '32/2023', '2023-03-27', '32/2023', ''),
(35, '33/2023', '2023-03-28', '33/2023', ''),
(36, '34/2023', '2023-04-11', '34/2023', ''),
(37, '35/2023', '2023-04-12', '35/2023', ''),
(38, '36/2023', '2023-04-12', '36/2023', ''),
(39, '37/2023', '2023-05-02', '37/2023', ''),
(40, '38/2023', '2023-05-03', '38/2023', 'fondation bouebdelli n38.pdf'),
(41, '39/2023', '2023-05-05', '39/2023', ''),
(42, '40/2023', '2023-05-05', '40/2023', ''),
(43, '41/2023', '2023-05-05', '41/2023', ''),
(44, '42/2023', '2023-05-08', '42/2023', ''),
(45, '43/2023', '2023-05-08', '43/2023', ''),
(46, '44/2023', '2023-05-12', '44/2023', ''),
(47, '45/2023', '2023-05-15', '45/2023', ''),
(48, '46/2023', '2023-05-15', '46/2023', ''),
(49, '47/2023', '2023-05-16', '47/2023', ''),
(50, '48/2023', '2023-05-16', '48/2023', 'les carrelage du cap bon.pdf'),
(51, '49/2023', '2023-05-17', '49/2023', 'clinique mediae 49.pdf'),
(52, '50/2023', '2023-05-17', '50/2023', 'restaurant touristique srcus 50.pdf'),
(53, '51/2023', '2023-05-17', '51/2023', ''),
(54, '52/2023', '2023-05-22', '52/2023', 'ste eliade 51.pdf'),
(55, '53/2023', '2023-05-23', '53/2023', ''),
(56, '54/2023', '2023-05-25', '54/2023', 'sofin plant 54.pdf'),
(57, '55/2023', '2023-05-25', '55/2023', ''),
(58, '56/2023', '2023-05-25', '56/2023', ''),
(59, '57/2023', '2023-05-26', '57/2023', ''),
(60, '58/2023', '2023-05-26', '58/2023', ''),
(61, '59/2023', '2023-05-26', '59/2023', ''),
(62, '60/2023', '2023-05-30', '60/2023', ''),
(63, '61/2023', '2023-06-01', '61/2023', ''),
(64, '62/2023', '2023-06-02', '62/2023', ''),
(65, '63/2023', '2023-06-06', '63/2023', 'ste veticole 63.pdf'),
(66, '64/2023', '2023-06-06', '64/2023', ''),
(67, '65/2023', '2023-06-06', '65/2023', 'mms food 65.pdf'),
(68, '66/2023', '2023-06-06', '66/2023', ''),
(69, '67/2023', '2023-06-07', '67/2023', ''),
(70, '68/2023', '2023-06-06', '68/2023', 'ste centrale commerciale rue dinmar 68.pdf'),
(71, '69/2023', '2023-06-12', '69/2023', ''),
(73, '70/2023', '2023-06-12', '70/2023', ''),
(74, '71/2023', '2023-06-13', '71/2023', 'ste wiki academy 71.pdf'),
(75, '72/2023', '2023-06-13', '72/2023', 'ste bella cosmetique 72.pdf'),
(76, '73/2023', '2023-06-14', '73/2023', ''),
(77, '74/2023', '2023-06-15', '74/2023', 'tunitek 74.pdf'),
(78, '75/2023', '2023-06-15', '75/2023', ''),
(79, '76/2023', '2023-06-15', '76/2023', ''),
(80, '77/2023', '2023-06-15', '77/2023', ''),
(81, '78/2023', '2023-06-15', '78/2023', ''),
(82, '79/2023', '2023-06-20', '79/2023', ''),
(83, '80/2023', '2023-06-21', '80/2023', ''),
(84, '81/2023', '2023-07-03', '81/2023', ''),
(85, '82/2023', '2023-07-03', '82/2023', ''),
(86, '83/2023', '2023-07-04', '83/2023', ''),
(87, '84/2023', '2023-07-17', '84/2023', 'hotel aqua viva 84.pdf'),
(88, '85/2023', '2023-07-18', '85/2023', ''),
(89, '86/2023', '2023-07-21', '86/2023', ''),
(90, '87/2023', '2023-07-21', '87/2023', 'ste gam 87.pdf'),
(91, '88/2023', '2023-07-21', '88/2023', ''),
(92, '89/2023', '2023-07-26', '89/2023', 'ste afriliance 89.pdf'),
(93, '90/2023', '2023-08-01', '90/2023', 'ste trojet 90.pdf'),
(94, '91/2023', '2023-08-08', '91/2023', ''),
(95, '92/2023', '2023-08-08', '92/2023', ''),
(96, '93/2023', '2023-08-08', '93/2023', ''),
(97, '94/2023', '2023-08-15', '94/2023', ''),
(99, '96/2023', '2023-08-17', '96/2023', ''),
(100, '97/2023', '2023-08-18', '97/2023', ''),
(101, '98/2023', '2023-08-23', '98/2023', ''),
(102, '99/2023', '2023-08-23', '99/2023', ''),
(103, '100/2023', '2023-08-30', '100/2023', ''),
(104, '101/2023', '2023-08-31', '101/2023', '');

-- --------------------------------------------------------

--
-- Structure de la table `archive_reglement`
--

CREATE TABLE `archive_reglement` (
  `id` int(11) NOT NULL,
  `client` int(11) DEFAULT NULL,
  `num_fact_archive` varchar(100) DEFAULT NULL,
  `prix_ttc` varchar(100) DEFAULT NULL,
  `etat_reglement` varchar(20) DEFAULT NULL,
  `num_cheque` varchar(250) DEFAULT NULL,
  `date_cheque` varchar(50) DEFAULT NULL,
  `retenue_date` varchar(50) DEFAULT NULL,
  `TypeReglement` varchar(250) DEFAULT NULL,
  `pieceRs` varchar(250) NOT NULL
) ENGINE=InnoDB DEFAULT CHARSET=utf8mb4 COLLATE=utf8mb4_general_ci;

--
-- Déchargement des données de la table `archive_reglement`
--

INSERT INTO `archive_reglement` (`id`, `client`, `num_fact_archive`, `prix_ttc`, `etat_reglement`, `num_cheque`, `date_cheque`, `retenue_date`, `TypeReglement`, `pieceRs`) VALUES
(5, 4, '02/2023', '', 'Oui', '0', '', '', '', 'tpc (1).sql'),
(7, 5, '03/2023', '', 'Oui', '0', '', '', 'Espèce', ''),
(8, 6, '04/2023', '', 'Oui', '0', '', '', '', ''),
(9, 7, '05/2023', '', 'Non', '0', '', '', '', ''),
(10, 8, '06/2023', '', 'Oui', '0', '', '', '', ''),
(11, 9, '09/2023', '', 'Oui', '0', '', '', '', ''),
(12, 10, '08/2023', '', 'Oui', '0', '', '', '', ''),
(15, 12, '10/2023', '', 'Oui', '0', '', '', '', ''),
(16, 13, '11/2023', '', 'Oui', '43965', '', '', 'Chèque', ''),
(17, 14, '12/2023', '', 'Non', '0', '', '', '', ''),
(18, 15, '13/2023', '1143.400', 'Oui', '331430', '', '', 'Chèque', ''),
(19, 16, '14/2023', '', 'Oui', '0', '', '', '', ''),
(20, 17, '15/2023', '', 'Oui', '0', '', '', '', ''),
(21, 17, '16/2023', '', 'Oui', '0', '', '', '', ''),
(22, 17, '17/2023', '', 'Oui', '0', '', '', '', ''),
(23, 18, '18/2023', '', 'Oui', '0', '', '', 'Espèce', ''),
(24, 19, '19/2023', '', 'Oui', '0', '', '2023-03-23', 'Chèque', ''),
(25, 19, '20/2023', '', 'Oui', '0', '', '', 'Chèque', ''),
(27, 15, '22/2023', '', 'Oui', '331431', '', '', 'Chèque', ''),
(28, 21, '23/2023', '', 'Oui', '0', '', '2023-03-23', 'Chèque', ''),
(29, 22, '24/2023', '', 'Oui', '0', '', '', 'Chèque', ''),
(30, 23, '25/2023', '', 'Oui', '0', '', '', '', ''),
(31, 24, '26/2023', '', 'Oui', '0', '', '', '', ''),
(32, 24, '27/2023', '', 'Oui', '0', '', '', '', ''),
(33, 25, '28/2023', '', 'Oui', '0', '', '', '', ''),
(34, 6, '29/2023', '', 'Oui', '2348228', '', '', 'Chèque', ''),
(35, 26, '30/2023', '', 'Oui', '0', '', '2023-03-27', '', ''),
(36, 15, '31/2023', '', 'Oui', '0', '', '', '', ''),
(37, 27, '32/2023', '', 'Oui', '547072', '', '2023-04-26', 'Chèque', ''),
(38, 27, '33/2023', '', 'Oui', '547030', '', '', 'Chèque', ''),
(39, 28, '34/2023', '953.000', 'Oui', '3560', '', '', 'Chèque', ''),
(40, 29, '35/2023', '', 'Non', '0', '', '', '', ''),
(41, 30, '36/2023', '', 'Oui', '0', '', '', '', ''),
(42, 31, '37/2023', '', 'Oui', '0', '', '2023-03-31', '', ''),
(43, 19, '38/2023', '', 'Oui', '109477', '', '2023-05-15', 'Chèque', ''),
(44, 32, '39/2023', '', 'Oui', '2474044', '', '', 'Chèque', ''),
(45, 33, '40/2023', '', 'Non', '', '', '', '', ''),
(46, 34, '41/2023', '', 'Non', '0', '', '', '', ''),
(47, 34, '42/2023', '', 'Non', '0', '', '', '', ''),
(48, 34, '43/2023', '', 'Non', '0', '', '', '', ''),
(49, 35, '44/2023', '', 'Non', '0', '', '', '', ''),
(50, 36, '45/2023', '', 'Non', '0', '', '', '', ''),
(51, 27, '46/2023', '', 'Oui', '547115', '', '2023-06-13', 'Chèque', ''),
(52, 37, '47/2023', '', 'Non', '0', '', '', '', ''),
(53, 38, '48/2023', '2886.720', 'Oui', '6323579', '', '2023-05-29', 'Chèque', ''),
(54, 39, '49/2023', '', 'Oui', '0', '', '', 'VIRREMENT', ''),
(55, 40, '50/2023', '', 'Oui', '0', '', '', 'Chèque', ''),
(56, 41, '51/2023', '', 'Oui', '0', '', '', '', ''),
(57, 42, '52/2023', '', 'Oui', '0', '', '2023-05-22', '', ''),
(58, 43, '53/2023', '4242.150', 'Oui', '8022426', '2023-05-26', '', 'Chèque', ''),
(59, 44, '54/2023', '', 'Oui', '0', '', '', '', ''),
(61, 3, '01/2023', '5891.490', 'Oui', '0', '', '', 'Espèce', '1.pdf'),
(63, 15, '55/2023', '', 'Oui', '332215', '2023-08-22', '', 'Chèque', ''),
(64, 45, '56/2023', '893.500', 'Oui', '1388', '', '', 'Chèque', ''),
(65, 46, '57/2023', '', 'Oui', '0', '', '', '', ''),
(66, 47, '58/2023', '5891.490', 'Oui', '8486256', '', '', 'Chèque', ''),
(67, 48, '59/2023', '', 'Oui', '0', '', '', 'VIRREMENT', ''),
(68, 49, '60/2023', '596.000', 'Oui', '584386', '', '', 'Chèque', ''),
(69, 22, '61/2023', '5000.000', 'Oui', '886392', '', '', 'Chèque', ''),
(70, 50, '62/2023', '', 'Oui', '0', '', '', 'Chèque', ''),
(71, 51, '63/2023', '', 'Oui', '0006376', '2023-06-08', '2023-06-07', 'Chèque', ''),
(72, 52, '64/2023', '1928.800', 'Oui', '26469', '', '', 'Chèque', ''),
(73, 53, '65/2023', '536.500', 'Oui', '60', '', '', 'Chèque', ''),
(74, 54, '66/2023', '3214.000', 'Oui', '919', '', '', 'Chèque', ''),
(75, 4, '67/2023', '786.400', 'Oui', '2075339', '', '', 'Chèque', ''),
(76, 55, '68/2023', '2475.000', 'Oui', '8263745', '', '2023-06-08', 'Chèque', ''),
(77, 56, '69/2023', '6308.000', 'Oui', '2004', '', '', 'Chèque', ''),
(78, 57, '70/2023', '1191.000', 'Oui', '425', '', '', 'Chèque', ''),
(79, 58, '71/2023', '', 'Oui', '0000112', '2023-06-13', '', 'Chèque', ''),
(80, 59, '72/2023', '', 'Oui', '0', '', '', 'Espèce', ''),
(81, 32, '73/2023', '', 'Non', '0', '', '', '', ''),
(82, 60, '74/2023', '2773.000', 'Oui', '4486', '', '', 'Chèque', ''),
(83, 61, '02/2023', '', 'Oui', '0', '', '', '', 'tpc (1).sql'),
(84, 62, '76/2023', '', 'Oui', '0', '', '', 'VIRREMENT', ''),
(85, 63, '77/2023', '4359.960', 'Oui', '33563', '', '', 'Chèque', ''),
(86, 64, '78/2023', '', 'Oui', '0', '', '2023-06-19', 'Espèce', ''),
(87, 65, '79/2023', '715.000', 'Oui', '6755', '', '', 'Chèque', ''),
(88, 62, '80/2023', '', 'Oui', '0', '', '', 'VIRREMENT', ''),
(89, 66, '81/2023', '', 'Oui', '0', '', '', 'Espèce', ''),
(90, 67, '82/2023', '', 'Non', '0', '', '', '', ''),
(91, 68, '84/2023', '', 'Non', '0', '', '', '', ''),
(92, 69, '85/2023', '', 'Oui', '0', '', '', 'Espèce', ''),
(93, 15, '86/2023', '', 'Oui', '332217', '2023-08-22', '', 'Chèque', ''),
(94, 27, '87/2023', '', 'Oui', '0547191', '2023-09-11', '2023-09-07', 'Chèque', ''),
(95, 70, '88/2023', '', 'Non', '0', '', '', '', ''),
(96, 71, '89/2023', '', 'Oui', '0', '', '', 'Espèce', ''),
(97, 72, '90/2023', '596.000', 'Oui', '1250182', '', '', 'Chèque', ''),
(98, 73, '91/2023', '3691.215', 'Oui', '0007577', '2023-09-18', '', 'Chèque', ''),
(99, 74, '92/2023', '', 'Non', '0', '', '', '', ''),
(100, 75, '93/2023', '', 'Non', '0', '', '', '', ''),
(101, 76, '94/2023', '5891.490', 'Oui', '4607', '2023-08-18', '2023-08-18', 'Chèque', ''),
(102, 77, '95/2023', '596.000', 'Oui', '1393941', '', '', 'Chèque', ''),
(103, 82, '96/2023', '953.000 ', 'Oui', '7202343', '', '', 'Chèque', ''),
(104, 78, '97/2023', '', 'Non', '0', '', '', '', ''),
(105, 79, '98/2023', '', 'Oui', '0050148', '2023-09-05', '', 'Chèque', ''),
(110, 54, '101/2023', '', 'Non', '0', '', '', '', ''),
(111, 80, '99/2023', '', 'Oui', '0359131', '2023-09-20', '2023-09-20', 'Chèque', '');

-- --------------------------------------------------------

--
-- Structure de la table `bon_commande`
--

CREATE TABLE `bon_commande` (
  `id` int(11) NOT NULL,
  `num_bon_commande` varchar(10) DEFAULT NULL,
  `date_bon_commande` varchar(20) DEFAULT NULL,
  `client` varchar(250) DEFAULT NULL,
  `piecejointe` varchar(100) DEFAULT NULL,
  `num_bon_commandeClient` varchar(250) DEFAULT NULL
) ENGINE=InnoDB DEFAULT CHARSET=utf8mb4 COLLATE=utf8mb4_general_ci;

--
-- Déchargement des données de la table `bon_commande`
--

INSERT INTO `bon_commande` (`id`, `num_bon_commande`, `date_bon_commande`, `client`, `piecejointe`, `num_bon_commandeClient`) VALUES
(18, '102/2023', '2023-10-10', '47', '', 'par téléphone'),
(19, '103/2023', '2023-09-21', '85', '', 'par téléphone'),
(20, '104/2023', '2023-09-04', '87', '', 'par téléphone'),
(21, '105/2023', '2023-09-21', '88', '', '12/04/2023'),
(26, '106/2023', '2023-09-15', '75', '', 'Par téléphone'),
(27, '107/2023', '2023-08-03', '95', 'STE EMA KAMOUN03-08-23.pdf', '36/23'),
(39, '108/2023', '2023-09-18', '97', '', 'Par téléphone'),
(40, '109/2023', '2023-09-21', '27', '', 'par téléphone'),
(48, '111/2023', '2023-09-25', '100', '', 'par téléphone'),
(51, '113/2023', '2023-09-25', '102', '', 'Par téléphone'),
(55, '114/2023', '2023-09-26', '103', '', ''),
(56, '115/2023', '2023-09-26', '96', 'BROCAP.pdf', '0000049'),
(60, '118/2023', '2023-09-28', '104', '', ''),
(61, '117/2023', '2023-09-28', '81', '', ''),
(63, '117/2023', '2023-09-28', '81', '', ''),
(67, '119/2023', '2023-10-02', '107', '', ''),
(78, '116/2023', '2023-09-22', '86', 'ACFrOgCJE9DcqHY0Ha9bunO1N8J8A7LGnqzfZJIu9hTzwxNIC3YsunTW_Dbr2m7Ucp2AhRts8iNk6Zo3u7nMBH3_S3xRazq5P-N5', '173'),
(83, '112/2023', '2023-09-21', '101', '', ''),
(87, '110/2023', '2023-09-19', '99', 'STE MANARA AGRO.pdf', ''),
(100, '120/2023', '2023-10-10', '111', 'BC BIOFOOD.pdf', '25/09/23'),
(119, '122/2023', '2023-10-16', '75', '', ''),
(120, '123/2023', '2023-10-16', '27', '', ''),
(126, '121/2023', '2023-10-17', '117', '', ''),
(128, '124/2023', '2023-09-14', '118', 'STE RAW SWEETS.jpeg', '00000128'),
(134, '125/2023', '2023-10-19', '119', '', 'par téléphone'),
(149, '126/2023', '2023-10-24', '54', '', ''),
(151, '127/2023', '2023-10-24', '120', '', ''),
(152, '128/2023', '2023-10-24', '100', '', ''),
(168, '129/2023', '2023-10-30', '15', '', ''),
(169, '130/2023', '2023-10-30', '15', '', ''),
(170, '131/2023', '2023-10-30', '15', '', ''),
(172, '132/2023', '2023-10-31', '116', '', ''),
(173, '133/2023', '2023-10-31', '116', '', ''),
(174, '134/2023', '2023-11-02', '116', '', '');

-- --------------------------------------------------------

--
-- Structure de la table `bordereaux`
--

CREATE TABLE `bordereaux` (
  `id` int(11) NOT NULL,
  `num_bordereaux` varchar(11) NOT NULL,
  `date` text NOT NULL,
  `num_fact` varchar(10) NOT NULL,
  `pieces_jointe` text NOT NULL,
  `type` text DEFAULT NULL,
  `adresse_bordereaux` varchar(250) DEFAULT NULL
) ENGINE=InnoDB DEFAULT CHARSET=utf8mb4 COLLATE=utf8mb4_general_ci;

--
-- Déchargement des données de la table `bordereaux`
--

INSERT INTO `bordereaux` (`id`, `num_bordereaux`, `date`, `num_fact`, `pieces_jointe`, `type`, `adresse_bordereaux`) VALUES
(10, '102/2023', '2023-09-04<br>2023-09-04', '102/2023', '<br>ste STQ.pdf', 'CERTIFECAT DEPREUVE<br>', NULL),
(11, '103/2023', '2023-09-04', '103/2023', '', 'Attestation', NULL),
(12, '104/2023', '2023-09-05', '104/2023', 'ste distrifroid 104.pdf', 'PV DE CONTROLE', ''),
(17, '105/2023', '2023-09-05', '105/2023', 'COTUD.pdf', 'PV DE CONTROLE', NULL),
(19, '106/2023', '2023-09-15', '106/2023', 'REVOLON.pdf', 'CERTIFECAT D\'EPREUVE', NULL),
(20, '107/2023', '2023-09-18', '107/2023', '', 'CERTIFECAT D\'EPREUVE', NULL),
(27, '108/2023', '2023-09-18', '108/2023', '', 'ATTESTATION GAZ & ATTESTATION ELECTRIQUE', NULL),
(28, '109/2023', '2023-09-21<br>2023-09-19', '109/2023', '<br>STE GAM.pdf', 'Attestation<br>', NULL),
(36, '111/2023', '2023-09-14', '111/2023', '', 'ATTESTATION ELECTRIQUE& ATTESTATION RIA& ATTESTATION DETECTION INCENDIE ', NULL),
(39, '113/2023', '2023-09-22', '113/2023', 'TRAITEUR AMERI AMMAR.pdf', 'Rapport gaz', NULL),
(43, '114/2023', '2023-09-26', '114/2023', '', 'ATTESTATION DETECTION INCENDIE & ATTESTATION ELECTRIQUE', ''),
(44, '115/2023', '2023-09-26<br>2023-09-26', '115/2023', '<br>STE BROCAP.pdf', 'Attestation<br>', NULL),
(49, '118/2023', '2023-09-28', '118/2023', '', 'ATTESTATION DETECTION INCENDIE & ATTESTATION ELECTRIQUE', NULL),
(52, '117/2023', '2023-09-28', '117/2023', 'GTS WIKAYA.pdf', 'CERTIFECAT D\'EPREUVE', ''),
(56, '119/2023', '2023-10-02', '119/2023', '', 'Rapport GAZ', NULL),
(66, '116/2023', '2023-09-29', '116/2023', '', 'RAPPORT RESERVOIR & RAPPORT ELECTRIQUE & RAPPORT DETECTION INCEDIE & RAPPORT CHARIOT ELEVATEUR', NULL),
(72, '112/2023', '2023-09-21', '112/2023', '', ' ATTESTATION ELECTRIQUE', NULL),
(76, '110/2023', '2023-09-21', '110/2023', 'ste manara agro 110.pdf', ' ATTESTATION ELECTRIQUE', ''),
(89, '120/2023', '2023-10-10', '120/2023', 'STE BIOFOOD.pdf', 'ATTESTATION GAZ & ATTESTATION ELECTRIQUE & ATTESTATION DETECTION INCENDIE & ATTESTATION SECURITE INCENDIE', NULL),
(107, '122/2023', '2023-10-16', '122/2023', '', 'Attestation', NULL),
(108, '123/2023', '2023-10-16', '123/2023', '', 'Attestation', NULL),
(114, '121/2023', '2023-10-14', '121/2023', 'HOTEL LES CITRONNIERS.pdf', 'Attestation', ''),
(116, '124/2023', '2023-10-17', '124/2023', '', 'ATTESTATION &CERTIFECAT', ''),
(124, '125/2023', '2023-10-19', '125/2023', '', 'Attestation', ''),
(138, '126/2023', '2023-10-24', '126/2023', '', 'Attestation', ''),
(140, '127/2023', '2023-10-24', '127/2023', '', 'ATTESTATION & RAPPORT', 'KM 03 ROUTE BNI KHALED GROMBALIA'),
(141, '127/2023', '2023-10-24', '127/2023', '', 'ATTESTATION & PV', 'SIDI HAMED HAMMAMET'),
(142, '128/2023', '2023-10-24', '128/2023', '', 'ATTESTATION & PV', ''),
(160, '129/2023', '2023-10-30', '129/2023', 'sotradies 129.pdf', 'Attestation', ''),
(161, '130/2023', '2023-10-30', '130/2023', 'sotrdies130.pdf', 'Attestation', ''),
(162, '131/2023', '2023-10-30', '131/2023', 'sotradies131.pdf', 'Attestation', ''),
(164, '132/2023', '2023-10-31', '132/2023', '', 'Attestation', ''),
(165, '133/2023', '2023-10-31', '133/2023', '', '', ''),
(166, '134/2023', '2023-11-02', '134/2023', '', 'Attestation', '');

-- --------------------------------------------------------

--
-- Structure de la table `clients`
--

CREATE TABLE `clients` (
  `id` int(11) NOT NULL,
  `type_client` varchar(200) DEFAULT NULL,
  `convention` varchar(100) DEFAULT NULL,
  `pieceConvention` varchar(250) DEFAULT NULL,
  `nom_client` varchar(200) DEFAULT NULL,
  `code_client` varchar(11) DEFAULT NULL,
  `adresse` text DEFAULT NULL,
  `matriculeFiscale` varchar(100) DEFAULT NULL,
  `exonoration` varchar(100) DEFAULT NULL,
  `pieceExonoration` varchar(200) DEFAULT NULL,
  `tel` varchar(200) DEFAULT NULL,
  `email` varchar(200) DEFAULT NULL,
  `numexonoration` varchar(250) DEFAULT NULL,
  `ValiditeExonoration` varchar(250) DEFAULT NULL
) ENGINE=InnoDB DEFAULT CHARSET=utf8mb4 COLLATE=utf8mb4_general_ci;

--
-- Déchargement des données de la table `clients`
--

INSERT INTO `clients` (`id`, `type_client`, `convention`, `pieceConvention`, `nom_client`, `code_client`, `adresse`, `matriculeFiscale`, `exonoration`, `pieceExonoration`, `tel`, `email`, `numexonoration`, `ValiditeExonoration`) VALUES
(3, 'passager', '', '', 'STE la stella del pulito', 'TPC_23/1', 'Mnihla', '1772995E/P/M/000', 'non', '', '', '', '', ''),
(4, 'passager', '', '', 'STE GTS COMPLEX CULTIREL', 'TPC_23/2', 'CITE ETTAHRIR', '1213544/TAE/001', 'non', '', '', '', '', ''),
(5, 'passager', '', NULL, 'STE ZKK', 'TPC_23/3', 'AVENUE FARHAT HACHED KORBA', '', 'oui', '', '', '', NULL, NULL),
(6, 'passager', '', NULL, 'STE PARETEC', 'TPC_23/4', 'OUARDIA TUNIS', '', 'non\r\n', '', '', '', NULL, NULL),
(7, 'passager', '', NULL, 'STE MAGHREB REVETEMENT', 'TPC_23/5', 'ZONE PETROLIERE DE RADES', '496668S', 'non', '', '', '', NULL, NULL),
(8, 'passager', '', NULL, 'STE LA SOURCE', 'TPC_23/6', 'IMM SPRIC(SAAD) tour CDB.19 ET20', '943901ZAM000', 'non', '', '', '', NULL, NULL),
(9, 'passager', '', NULL, 'STE ALPHA GTI CROISSANCE', 'TPC_23/7', 'ZI JBEL OUEST', '1028545 JMA 000', 'non', '', '', '', NULL, NULL),
(10, 'passager', '', NULL, 'STE OLICARPO', 'TPC_23/8', 'HENCHIR DHNIBA JEDEIDA', '1606557H/A/M/000', 'non', '', '', '', NULL, NULL),
(12, 'passager', '', NULL, 'STE SMILE COMNICATION', 'TPC_23/10', 'MONPLAISIR', '1326402E/AM/000', 'non', '', '', '', NULL, NULL),
(13, 'passager', '', NULL, 'ASSURANCE MAGHEREBIA', 'TPC_23/11', 'RUE DE PALESTINE TUNIS', '', 'non', '', '', '', NULL, NULL),
(14, 'passager', '', NULL, 'STE SIPAH', 'TPC_23/12', 'SIDI BOUSAID', '', 'non', '', '', '', NULL, NULL),
(15, 'passager', '', NULL, 'STE SOTRADIES', 'TPC_23/13', 'Z.I CHARGUIA', '', 'non', '', '', '', NULL, NULL),
(16, 'passager', '', NULL, 'STE VECTEUR', 'TPC_23/14', 'KSAR SAID', '', 'non', '', '', '', NULL, NULL),
(17, 'conventionner', 'oui', 'STE OFFICE PLAST.zip', 'STE OFFICE PLAST', 'TPC_23/15', 'Z.I MEDJEZ EL BAB', '', 'non', '', '', '', '', ''),
(18, 'passager', '', NULL, 'ECOLE INTERNATIONAL FRANCAISE', 'TPC_23/16', 'MENZAH1', '', 'non', '', '', '', NULL, NULL),
(19, 'passager', '', NULL, 'FONDATION UNIVERSITAIRE BOUEBDELLI', 'TPC_23/17', 'TUNIS', '', 'non', '', '', '', NULL, NULL),
(20, 'passager', '', NULL, 'STE CAP BON', 'TPC_23/18', 'SIDI DHAHER BOUARGOUB NABEUL', '', 'non', '', '', '', NULL, NULL),
(21, 'passager', '', NULL, 'STE NOUVELLE CLINIQUE DE PARC', 'TPC_23/19', '3 RUE HOOKER DOOLITTLE TUNIS', '296357RAM000', 'non', '', '', '', NULL, NULL),
(22, 'passager', '', NULL, 'STE SOTITHER', 'TPC_23/20', 'Z.I KSAR SAID', '', 'non', '', '', '', NULL, NULL),
(23, 'passager', '', NULL, 'STE LES HERIYTIERS VELLA AFRIC AUTO', 'TPC_23/21', 'Z.I CHARGUIA TUNIS CARTHAGE', '0765640AAM000', 'non', '', '', '', NULL, NULL),
(24, 'passager', '', NULL, 'ENTREPRISE DE CONSTRUCTION METALIQUE ET ENTRETIEN', 'TPC_23/22', 'AV HEDI NOUIRA RADES', '0011839C/A/M 000', 'non', '', '', '', NULL, NULL),
(25, 'passager', '', NULL, 'STE ITCV', 'TPC_23/23', 'ROUTE CHINOISE MNIHLA', '', 'non', '', '', '', NULL, NULL),
(26, 'passager', '', NULL, 'STE PM ELCOM', 'TPC_23/24', 'MHAMDIA BEN AROUS', '0965700 L/AM/000', 'non', '', '', '', NULL, NULL),
(27, 'passager', '', NULL, 'STE GAM', 'TPC_23/25', 'Z.I KRAM', '', 'non', '', '', '', NULL, NULL),
(28, 'passager', '', NULL, 'STE TUNIMATEC', 'TPC_23/26', '58 AVENUE DE CARTHAGE YUNIS', '', 'non', '', '', '', NULL, NULL),
(29, 'passager', '', NULL, 'STE DISA TRADING', 'TPC_23/27', 'BOUMHAL BEN AROUS', '', 'non', '', '', '', NULL, NULL),
(30, 'passager', '', NULL, 'STE MEGA PRINTING PACKAGING', 'TPC_23/28', 'Z.I CHARGUIA 1', '', 'non', '', '0510712Q/AM/000', '', NULL, NULL),
(31, 'passager', '', NULL, 'STE PHILBERT TUNISIE', 'TPC_23/29', 'AV HBIB BOURGUIBA MEGRINE', '', 'non', '', '', '', NULL, NULL),
(32, 'passager', '', NULL, 'STE SOCOOPEC', 'TPC_23/30', '66 AVENUE DE CARTHAGE', '', 'non', '', '001395PAM000', '', NULL, NULL),
(33, 'passager', '', NULL, 'STE CIVILE IMMOBILIERE DU SUD', 'TPC_23/31', 'MENZEH 5', '', 'non', '', '', '', NULL, NULL),
(34, 'passager', '', NULL, 'STE GTI ', 'TPC_23/32', 'RADES', '', '', '', '', '', NULL, NULL),
(35, 'passager', '', NULL, 'RESTAURANT TOURISTIQUE L\'ASTRAGALE', 'TPC_23/33', '15 AVENUE CHARNICOLE CITY JARDIN', '012467YAM000', 'non', '', '', '', NULL, NULL),
(36, 'passager', '', NULL, 'PROTHESIR DENTAIRE', 'TPC_23/34', '9 FARHAT HACHED BARDO', '', 'non', '', '', '', NULL, NULL),
(37, 'passager', '', NULL, 'HIDROMATIQUE TUNISIA SARL', 'TPC_23/35', 'Z.I KSAR SAID', '', 'non', '', '', '', NULL, NULL),
(38, 'passager', '', NULL, 'LES CARRELAGES DU CAP BON', 'TPC_23/36', '187 AV HBIB BOURGUIBA NABEUL', '', 'non', '', '', '', NULL, NULL),
(39, 'passager', '', NULL, 'CLINIQUE MEDIALE', 'TPC_23/37', 'CITE 1 JUIN SOLIMANE', '', 'non', '', '', '', NULL, NULL),
(40, 'passager', '', NULL, 'STE ESSYAHA RESTO', 'TPC_23/38', 'ARIANA', '', 'non', '', '', '', NULL, NULL),
(41, 'passager', '', NULL, 'STE MOODS', 'TPC_23/39', 'ZONE TOURISTIQUE GAMMARTH', '', 'non', '', '', '', NULL, NULL),
(42, 'passager', '', NULL, 'STE LIDEALE NABEUL LYCEE PRIVE', 'TPC_23/40', 'NABEUL', '1423920 R/AM/000', 'non', '', '', '', NULL, NULL),
(43, 'passager', '', NULL, 'STE SLEIMA', 'TPC_23/41', 'RUE MED ENNAJAR BOUMHEL', '', 'non', '', '', '', NULL, NULL),
(44, 'passager', '', NULL, 'STE SOFIN PLANT', 'TPC_23/42', '152 AV OTHMEN IBN AFFEN MENZAH 6 ARIANA', '', 'oui', 'img20230816_12591078.pdf', '', '', NULL, NULL),
(45, 'passager', '', NULL, 'STE EL ALIA', 'TPC_23/43', 'LES JARDINS DU LAC', '', 'non', '', '', '', NULL, NULL),
(46, 'passager', '', NULL, 'STE HEDROMATIC', 'TPC_23/44', 'Z.I DOUAR HICHER', '', 'non', '', '', '', NULL, NULL),
(47, 'passager', '', NULL, 'STE STQ', 'TPC_23/45', 'BEN AROUS', '2598 DAM 000', 'non', '', '', '', NULL, NULL),
(48, 'passager', '', '', 'STE P2K NORD AFRIQUE', 'TPC_23/46', 'Z.I MGHIRA2-TUNIS', '', 'oui', '', '', '', '', ''),
(49, 'passager', '', NULL, 'MEUBLENTUB', 'TPC_23/47', 'Z.I CHARGUIA', '', 'non', '', '', '', NULL, NULL),
(50, 'passager', '', NULL, 'STE HABIB MECHRGUI', 'TPC_23/48', 'JENDOUBA', '', 'non', '', '', '', NULL, NULL),
(51, 'passager', '', NULL, 'STE VETICOLE', 'TPC_23/49', 'BIR DRESSEN', '9904 Y/M/P/000', 'non', '', '', '', NULL, NULL),
(52, 'passager', '', NULL, 'STE DACHSER', 'TPC_23/50', 'ZONE PORTUAIRE DE RADES', '', 'non', '', '', '', NULL, NULL),
(53, 'passager', '', NULL, 'MMS FOOD', 'TPC_23/51', 'RESIDENCE PALMIER LAC2', '', 'non', '', '', '', NULL, NULL),
(54, 'passager', '', NULL, 'STE CODEMAT', 'TPC_23/52', 'AV DE CARTHAGE TUNIS', '', 'non', '', '', '', NULL, NULL),
(55, 'passager', '', NULL, 'STE CENTRALE COMMERCIALE RUE DINMARK TUNIS', 'TPC_23/53', 'LES BERGES DU LAC 2', '1193881W(P)P004', 'non', '', '', '', NULL, NULL),
(56, 'passager', '', NULL, 'STE CFI AFRICA', 'TPC_23/54', 'Z.I EL AGBA', '', 'non', '', '', '', NULL, NULL),
(57, 'passager', '', NULL, 'STDG GOLF YASMINE HAMMAMET', 'TPC_23/55', 'HAMMAMET', '038244W/AM/000', 'non', '', '', '', NULL, NULL),
(58, 'passager', '', NULL, 'STE WIKI ACADEMY', 'TPC_23/56', 'LES BERGES DU LAC 1 TUNIS', '1619264 Q/A/M/000', 'non', '', '', '', NULL, NULL),
(59, 'passager', '', NULL, 'STE BELLA COSMETIQUE', 'TPC_23/57', 'Z.I KSAR SAID MANOUBA', '', 'oui', 'img20230816_13254762.pdf', '', '', NULL, NULL),
(60, 'passager', '', NULL, 'STE TUNITEK', 'TPC_23/58', 'Z.I EL AGBA', '', 'oui', 'img20230816_13245042.pdf', '', '', NULL, NULL),
(61, 'passager', '', NULL, 'STE FIRAS DE NIGOS INTERNATIONALE', 'TPC_23/59', 'RUE ALI DARGHOUTH TUNIS', '0983688 LAM 000', 'non', '', '', '', NULL, NULL),
(62, 'passager', '', NULL, 'STE ILIADE CONSULTING TUNISIE', 'TPC_23/60', 'LES BERGES DU LAC 1 TUNIS', '1275591Q/A/M/000', 'non', '', '', '', NULL, NULL),
(63, 'passager', '', NULL, 'STE SOCODAL', 'TPC_23/61', 'DAR ALLOUCH KELIBIA', '', 'non', '', '', '', NULL, NULL),
(64, 'passager', '', NULL, 'STE PROLIFT', 'TPC_23/62', 'ARIANA', '1242556 KBM 000', 'non', '', '', '', NULL, NULL),
(65, 'passager', '', NULL, 'CHIMEX', 'TPC_23/63', 'RADES', '', 'non', '', '', '', NULL, NULL),
(66, 'passager', '', NULL, 'MR SLAHEDDINE HLAWA', 'TPC_23/64', '63 RUE PLATON Z.I EL KRAM', '', 'non', '', '', '', NULL, NULL),
(67, 'passager', '', NULL, 'STE GRAFIA', 'TPC_23/65', 'LAC3 TUNIS', '', 'non', '', '', '', NULL, NULL),
(68, 'passager', '', NULL, 'HOTEL AQUA VIVA', 'TPC_23/66', 'Z.TOURISTIQUE GAMMARTH', '', 'non', '', '', '', NULL, NULL),
(69, 'passager', '', NULL, 'ACADEMY AMERICAINE TUNISIENNE DE TOURISME', 'TPC_23/67', '9 RUE NEW DELHI BELVEDERE', '164704 OH', 'non', '', '', '', NULL, NULL),
(70, 'passager', '', NULL, 'SAMFI', 'TPC_23/68', 'ROUTE DE SOUSSE KM14 EZZAHRA', '', 'non', '', '', '', NULL, NULL),
(71, 'passager', '', NULL, 'STE AFRILANCE ', 'TPC_23/69', 'RUE DE CAP BON NABEUL', '', 'non', '', '', '', NULL, NULL),
(72, 'passager', '', NULL, 'STE TROJET DE PROD DES DERIVES LAITERS', 'TPC_23/70', 'BIRINE', '', 'non', '', '', '', NULL, NULL),
(73, 'conventionner', 'oui', 'STE MEDITEC NMC .zip', 'STE MEDITEC', 'TPC_23/71', 'KM13 MORNAGUIA', '700202300064', 'oui', '', '', '', '', ''),
(74, 'passager', '', NULL, 'STE MSB INTER SERVICES', 'TPC_23/72', 'MENZEH 5 TUNIS', '', 'non', '', '', '', NULL, NULL),
(75, 'passager', '', NULL, 'STE REVOLON', 'TPC_23/73', '92 AV DE CARTHAGE TUNIS', '', 'non', '', '', '', NULL, NULL),
(76, 'passager', '', NULL, 'STE TOURISME ET HOTELLERIE HOTEL LE SULTAN', 'TPC_23/74', 'HAMMAMET', '0012732 WAM 000', 'non', '', '', '', NULL, NULL),
(77, 'passager', '', NULL, 'STE SEMAT', 'TPC_23/75', 'MEGRINE ERRIADH', '', '', '', '', '', NULL, NULL),
(78, 'passager', '', NULL, 'CFP UPSILON COLLEGE DE PARIS', 'TPC_23/76', 'MONTPLAISIR', '1768493G', 'non', '', '', '', NULL, NULL),
(79, 'passager', '', NULL, 'STE EL ANOUAR EXPRESS', 'TPC_23/77', 'DAR CHAABEN EL FEHRI', '907970IVIP000', 'non', '', '', '', NULL, NULL),
(80, 'passager', '', NULL, 'STE BEST BROTHER SHOES BBS', 'TPC_23/78', 'DAR CHAABAN NABEUL', '', 'oui', '', '', '', NULL, NULL),
(81, 'passager', '', NULL, 'GTS WIKAYA', 'TPC_23/79', 'RUE TURKIE', '757966CAM000', 'non', '', '', '', NULL, NULL),
(82, 'passager', '', NULL, 'STE CFI TRAIDING', 'TPC_23/80', 'Z.I EL AGBA', '', 'non', '', '', '', NULL, NULL),
(83, 'passager', '', NULL, 'STE CONFORT ET CREATION AV HBIB BOURGUIBA HAMMAMET', 'TPC_23/81', 'AV HBIB BOURGUIBA HAMMAMET', '', 'non', '', '', '', NULL, NULL),
(84, 'passager', '', NULL, 'STE TUNISIENNE DE QUINCAILLERIE', 'TPC_23/82', 'NOUVELLE ZI BEN AROUS TUNISIE', '', 'non', '', '', '', NULL, NULL),
(85, 'passager', '', NULL, 'ECOLE PRIMAIRE RIAHI', 'TPC_23/83', '30 AV HBIB BOURGUIBA MANOUBA', '1805937/A', '', '', '', '', NULL, NULL),
(86, 'conventionner', 'oui', 'STE GLOBAL DISPLAY SOLUTON TUNISIA .zip', 'STE GLOBAL DISPLAY SOLUTION TUNISIA', 'TPC_23/84', 'ROUTE EL FAJJA KM2 MORNAGUIA', '1890953 PAM 000', 'oui', '', '', '', ' 301202300010', '2023-12-31'),
(87, 'passager', '', NULL, 'STE DISTRIFROID', 'TPC_23/85', 'TUNIS', '', '', '', '', '', NULL, NULL),
(88, 'passager', '', NULL, 'COTUD ACHRAF CHERIF', 'TPC_23/86', '43 RUE ALI DARGHOUTH TUNIS', '867323 HAC 000', 'non', '', '', '', NULL, NULL),
(89, 'passager', '', NULL, 'STE CTL', 'TPC_23/87', 'GROMBELIA', '', '', '', '', '', NULL, NULL),
(90, 'passager', '', NULL, 'STE FOOD TUNISIE', 'TPC_23/88', 'BORJ CEDRIA', '', 'non', '', '', '', NULL, NULL),
(91, 'conventionner', 'oui', 'HOTEL CARMEL.zip', 'HOTEL EL KARMEL', 'TPC_23/89', '04 Rue sousse tunis', '', 'non', '', '', '', NULL, NULL),
(95, 'passager', '', '', 'STE EMA KAMOUN', 'TPC_23/90', 'C06 AV DU JAPON 1073 MONTPLAISIR', '951435 Q/B/M/000', 'non', '', '', '', NULL, NULL),
(96, 'passager', '', '', 'STE BROCAP PLUS', 'TPC_23/91', 'Z.I HENCHIR AYED - KORBA', '1032215X/A/M000', 'oui', 'Exo Brocap Plus.pdf', '', '', '258202300023', '2023-12-31'),
(97, 'passager', '', '', 'RESTAURANT DAR BELHAJ', 'TPC_23/92', '17 RUES DES TAMIS TUNIS 1008', '1729874/Z', '', '', '', '', NULL, NULL),
(98, 'conventionner', 'oui', 'STE CILT - .zip', 'STE GILT', 'TPC_23/93', 'GROMBALIA', '1666191 E', 'non', '', '', '', NULL, NULL),
(99, 'passager', '', '', 'STE MANARA AGRO', 'TPC_23/94', 'Z.I ROUTE SIDI JDIDI MANARET HAMMAMET', '', 'oui', '', '', '', NULL, NULL),
(100, 'passager', '', '', 'STE AGRUME DU GOLF', 'TPC_23/95', 'KM3 ROUTE BENI KHALED GROMBALIA', '', 'non', '', '', '', '', ''),
(101, 'passager', '', '', 'STE DELTA COMMERCE INTERNATIONAL', 'TPC_23/96', 'Z.I CHARGUIA 1', '', 'non', '', '', '', '', ''),
(102, 'passager', '', '', 'TRAITEUR MR AMERI AMMAR', 'TPC_23/97', 'SIDI DAOUED', '123566bam000', 'non', '', '', '', NULL, NULL),
(103, 'passager', '', '', 'STE LOKMEN ALHAKIM', 'TPC_23/98', 'LAC3', '1301311VAM000', 'non', '', '', '', NULL, NULL),
(104, 'passager', '', NULL, 'STE HASSING TUNISIE CONFECTION', 'TPC_23/99', 'NEVERS LOT BEN DEBBA MANARAT HAMMAMET', '1827239 ZAM 000', 'non', NULL, NULL, NULL, NULL, NULL),
(107, 'passager', '', '', 'STE CITY FOOD', 'TPC_23/100', 'AV OTHMEN IBN AFFEN MENZAH 5', '1456768 GAM 000', '', '', '', '', '', ''),
(108, 'passager', '', '', 'STE TALAN TUNISIE CONSULTING', 'TPC_23/101', 'CHARGUIA 1', '1325392RAM000', 'non', '', '', '', '', ''),
(109, 'passager', '', '', 'STE ZINA GROUPE', 'TPC_23/102', 'KELIBIA', '', '', '', '', '', '', ''),
(110, 'passager', '', '', 'STE SOTIPAPIER BELLI', 'TPC_23/103', 'TUNIS', '', '', '', '', '', '', ''),
(111, 'passager', '', '', 'STE BIOFOOD TUNISIA', 'TPC_23/104', 'ZI BORJ CEDRIA BEN AROUS', '0048116T', '', '', '71311359', '', '', ''),
(112, 'passager', '', '', 'MUNICIPALITE LA GOULETTE', 'TPC_23/105', 'SALLE COUVERTE HAMADI BEN AMMAR - LA GOULETTE', '', 'non', '', '', '', '', ''),
(113, 'passager', '', '', 'FONDATION POUR L\'ENSEIGNEMENT BRITANNIQUE EN TUNISIE', 'TPC_23/106', '49 RUE DU PARC ,2036 LA SOUKRA', '1264087/W', 'non', '', '', '', '', ''),
(116, 'passager', '', '', 'client', 'TPC_23/108', 'tunis', '', 'non', '', '', '', '', ''),
(117, 'passager', '', '', 'STE HOTEL LES CITRONNIERS', 'TPC_23/109', 'RUE NEVERS HAMMAMET', '022851 HAM 000', '', '', '', '', '', ''),
(118, 'passager', '', '', 'STE RAW SWEETS', 'TPC_23/110', 'KM 17 RUE MJEZ ELBEB TEBOURBA MANOUBA', '1640448ZAM000', 'oui', 'Exonération 2023.pdf', '', '', '700202300170', '2023-12-31'),
(119, 'passager', '', '', 'STE STAMP EQUIPEMENTS', 'TPC_23/111', 'Rue des roses - Ariana', '', 'non', '', '', '', '', ''),
(120, 'passager', '', '', 'STE AGRUME DU GOLF PLUS', 'TPC_23/112', 'GROMBALIA', '', 'oui', '', '', '', '', '');

-- --------------------------------------------------------

--
-- Structure de la table `cnss`
--

CREATE TABLE `cnss` (
  `id_cnss` int(11) NOT NULL,
  `recu_declaration` varchar(250) DEFAULT NULL,
  `trimestre` int(11) DEFAULT NULL,
  `annee` int(11) DEFAULT NULL,
  `recu_paiement` varchar(250) DEFAULT NULL
) ENGINE=InnoDB DEFAULT CHARSET=latin1 COLLATE=latin1_swedish_ci;

--
-- Déchargement des données de la table `cnss`
--

INSERT INTO `cnss` (`id_cnss`, `recu_declaration`, `trimestre`, `annee`, `recu_paiement`) VALUES
(0, 'reçudeclaration.pdf', 2, 2023, 'Reçu_Paiement.pdf');

-- --------------------------------------------------------

--
-- Structure de la table `dossiersclients`
--

CREATE TABLE `dossiersclients` (
  `idDossier` int(11) NOT NULL,
  `dossierTechnique` varchar(250) DEFAULT NULL,
  `dossierFournie` varchar(250) DEFAULT NULL,
  `typePiecesDossierFournie` text DEFAULT NULL,
  `client_id` int(11) DEFAULT NULL
) ENGINE=InnoDB DEFAULT CHARSET=utf8mb4 COLLATE=utf8mb4_general_ci;

-- --------------------------------------------------------

--
-- Structure de la table `facture`
--

CREATE TABLE `facture` (
  `id` int(11) NOT NULL,
  `num_fact` varchar(10) DEFAULT NULL,
  `client` int(11) DEFAULT NULL,
  `numboncommande` varchar(200) DEFAULT NULL,
  `date` text DEFAULT NULL,
  `reglement` varchar(250) DEFAULT NULL
) ENGINE=InnoDB DEFAULT CHARSET=utf8mb4 COLLATE=utf8mb4_general_ci;

--
-- Déchargement des données de la table `facture`
--

INSERT INTO `facture` (`id`, `num_fact`, `client`, `numboncommande`, `date`, `reglement`) VALUES
(57, '102/2023', 84, '102/2023', '2023-09-04', 'oui'),
(59, '103/2023', 85, '103/2023', '2023-09-04', 'oui'),
(70, '104/2023', 87, '', '2023-09-05', 'oui'),
(79, '105/2023', 88, '12/04/2023', '2023-09-05', 'oui'),
(126, '106/2023', 75, 'Par téléphone', '2023-09-15', 'non'),
(127, '107/2023', 95, '36/23', '2023-09-18', 'non'),
(134, '108/2023', 97, 'Par téléphone', '2023-09-18', 'oui'),
(135, '109/2023', 27, '', '2023-09-19', 'non'),
(142, '111/2023', 100, '', '2023-09-19', 'non'),
(145, '113/2023', 102, 'Par téléphone', '2023-09-22', 'non'),
(149, '114/2023', 108, '114/2023', '2023-09-26', 'non'),
(150, '115/2023', 96, '0000049', '2023-09-26', 'non'),
(168, '118/2023', 104, '', '2023-09-28', 'non'),
(169, '117/2023', 81, '', '2023-09-28', 'non'),
(184, '119/2023', 107, '', '2023-10-02', 'non'),
(197, '116/2023', 86, '173', '2023-09-29', 'non'),
(203, '112/2023', 101, '112/2023', '2023-09-21', 'oui'),
(207, '110/2023', 99, '110/2023', '2023-09-19', 'oui'),
(227, '120/2023', 111, '25/09/23', '2023-10-10', 'non'),
(253, '122/2023', 75, '', '2023-10-16', 'non'),
(254, '123/2023', 27, '', '2023-10-16', 'non'),
(261, '121/2023', 117, '121/2023', '2023-10-14', 'oui'),
(270, '124/2023', 118, '00000128', '2023-10-17', 'non'),
(277, '125/2023', 119, '', '2023-10-19', 'non'),
(293, '126/2023', 54, '', '2023-10-24', 'non'),
(295, '127/2023', 120, '', '2023-10-24', 'non'),
(296, '128/2023', 100, '', '2023-10-24', 'non'),
(314, '129/2023', 15, '', '2023-10-30', 'non'),
(315, '130/2023', 15, '', '2023-10-30', 'non'),
(316, '131/2023', 15, '', '2023-10-30', 'non'),
(318, '132/2023', 116, '132/2023', '2023-10-31', 'non'),
(319, '133/2023', 116, '133/2023', '2023-10-31', 'non'),
(320, '134/2023', 116, '134/2023', '2023-11-02', 'non');

-- --------------------------------------------------------

--
-- Structure de la table `facture_projets`
--

CREATE TABLE `facture_projets` (
  `id_Projets_Facture` int(11) NOT NULL,
  `facture` varchar(10) NOT NULL,
  `prix_unit_htv` varchar(100) DEFAULT NULL,
  `qte` varchar(100) DEFAULT NULL,
  `tva` varchar(200) DEFAULT NULL,
  `remise` varchar(200) DEFAULT NULL,
  `prixForfitaire` varchar(200) DEFAULT NULL,
  `prixTTC` varchar(200) DEFAULT NULL,
  `projet` int(11) DEFAULT NULL,
  `adresseClient` varchar(250) DEFAULT NULL
) ENGINE=InnoDB DEFAULT CHARSET=utf8mb4 COLLATE=utf8mb4_general_ci;

--
-- Déchargement des données de la table `facture_projets`
--

INSERT INTO `facture_projets` (`id_Projets_Facture`, `facture`, `prix_unit_htv`, `qte`, `tva`, `remise`, `prixForfitaire`, `prixTTC`, `projet`, `adresseClient`) VALUES
(246, '104/2023', '83.950', '10', '19', '', '', '', 36, ''),
(403, '106/2023', '30.000', '102', '19', '', '', '', 10, ''),
(411, '107/2023', '125.000', '4', '19', '', '', '', 10, ''),
(424, '108/2023', '300.000', '1', '19', '', '', '', 11, ''),
(425, '108/2023', '300.000', '1', '19', '', '', '', 24, ''),
(426, '105/2023', '13.560', '59', '19', '', '', '', 10, ''),
(447, '109/2023', '80.000', '18', '19', '', '', '', 15, ''),
(448, '109/2023', '100.000', '1', '19', '', '', '', 38, ''),
(449, '109/2023', '300.000', '1', '19', '', '', '', 39, ''),
(501, '111/2023', '470.000', '1', '19', '', '', '', 11, 'Tunis'),
(502, '111/2023', '250.000', '1', '19', '', '', '', 21, 'Tunis'),
(503, '111/2023', '450.000', '1', '19', '', '', '', 41, 'Tunis'),
(504, '113/2023', '300.000', '1', '19', '', '', '', 24, ''),
(540, '115/2023', '300.000', '1', '', '', '', '', 22, ''),
(550, '118/2023', '350.000', '1', '19', '', '', '', 11, ''),
(551, '118/2023', '350.000', '1', '19', '', '', '', 41, ''),
(576, '117/2023', '40.000', '6', '', '', '', '', 43, ''),
(577, '117/2023', '350.000', '3', '', '', '', '', 44, ''),
(578, '117/2023', '80.000', '23', '', '', '', '', 45, ''),
(622, '119/2023', '350.000', '1', '19', '', '', '', 24, ''),
(705, '116/2023', '', 'ENS', '', '', '6825.000    ', '', 6, ''),
(706, '116/2023', '', '', '', '', '', '', 11, ''),
(707, '116/2023', '', '', '', '', '', '', 22, ''),
(708, '116/2023', '', '', '', '', '', '', 42, ''),
(870, '112/2023', '350.000', '1', '19', '', '', '', 11, ''),
(949, '102/2023', '6', '250', '19', '', '', '', 6, ''),
(966, '120/2023', '250.000', '1', '19', '', '', '', 11, ''),
(967, '120/2023', '250.000', '1', '19', '', '', '', 20, ''),
(968, '120/2023', '250.000', '1', '19', '', '', '', 24, ''),
(969, '120/2023', '250.000', '1', '19', '', '', '', 41, ''),
(1241, '122/2023', '200.000', '1', '19', '', '', '', 46, ''),
(1242, '123/2023', '80.000', '15', '19', '', '', '', 42, ''),
(1287, '121/2023', '600.000', '1', '19', '', '', '', 2, ''),
(1288, '121/2023', '600.000', '1', '', '', '', '', 11, ''),
(1289, '121/2023', '600.000', '1', '', '', '', '', 21, ''),
(1290, '121/2023', '600.000', '1', '', '', '', '', 22, ''),
(1291, '121/2023', '600.000', '1', '', '', '', '', 24, ''),
(1306, '124/2023', '', 'ENS', '', '', '3500    ', '', 1, ''),
(1307, '124/2023', '', '', '', '', '', '', 11, ''),
(1308, '124/2023', '', '', '', '', '', '', 42, ''),
(1309, '124/2023', '', '', '', '', '', '', 47, ''),
(1310, '124/2023', '', '', '', '', '', '', 48, ''),
(1320, '103/2023', '350.000', '1', '19', '', '', '', 11, ''),
(1333, '125/2023', '80.000', '1', '19', '', '', '', 17, ''),
(1334, '125/2023', '100.000', '3', '19', '', '', '', 42, ''),
(1379, '114/2023', '750.000', '1', '19', '', '', '', 11, ''),
(1380, '114/2023', '750.000', '1', '', '', '', '', 41, ''),
(1421, '126/2023', '90.000', '12', '19', '', '', '', 42, ''),
(1433, '127/2023', '470.000', '1', '19', '', '', '', 11, 'SIDI HAMED HAMMAMET'),
(1434, '127/2023', '250.000', '1', '19', '', '', '', 21, 'SIDI HAMED HAMMAMET'),
(1435, '127/2023', '780.000', '1', '19', '', '', '', 11, 'KM 03 ROUTE BNI KHALED GROMBALIA'),
(1436, '127/2023', '380.000', '1', '19', '', '', '', 21, 'KM 03 ROUTE BNI KHALED GROMBALIA'),
(1437, '127/2023', '530.000', '1', '', '', '', '', 24, 'KM 03 ROUTE BNI KHALED GROMBALIA'),
(1438, '127/2023', '430.000', '1', '', '', '', '', 48, 'KM 03 ROUTE BNI KHALED GROMBALIA'),
(1439, '127/2023', '157.000', '4', '', '', '', '', 49, 'KM 03 ROUTE BNI KHALED GROMBALIA'),
(1440, '128/2023', '470.000', '1', '19', '', '', '', 11, ''),
(1441, '128/2023', '250.000', '1', '19', '', '', '', 21, ''),
(1442, '128/2023', '250.000', '1', '19', '', '', '', 24, ''),
(1443, '128/2023', '350.000', '1', '19', '', '', '', 41, ''),
(1651, '129/2023', '80.000', '4', '19', '', '', '', 42, ''),
(1652, '130/2023', '80.000', '8', '19', '', '', '', 42, ''),
(1653, '131/2023', '80.000', '10', '19', '', '', '', 42, ''),
(1709, '133/2023', '', 'ENS', '', '', '150.000', '', 1, ''),
(1710, '133/2023', '', '', '', '', '', '', 4, ''),
(1711, '133/2023', '', '', '', '', '', '', 8, ''),
(1712, '133/2023', '', '', '', '', '', '', 11, ''),
(1713, '133/2023', '', '', '', '', '', '', 14, ''),
(1728, '110/2023', '470.000', '1', '', '', '', '', 11, ''),
(1729, '110/2023', '250.000', '1', '', '', '', '', 21, ''),
(1730, '110/2023', '360.000', '1', '', '', '', '', 24, ''),
(1731, '110/2023', '305.000', '1', '', '', '', '', 41, ''),
(1732, '110/2023', '250.000', '1', '', '', '', '', 42, ''),
(1740, '133/2023', '', 'ENS', '', '', '150.000', '', 1, 'USINE RADES'),
(1741, '133/2023', '', '', '', '', '', '', 4, 'USINE RADES'),
(1744, '132/2023', '1200', '1', '', '', '', '', 1, ''),
(1745, '132/2023', '300.000', '1', '', '', '', '', 4, ''),
(1746, '132/2023', '300.000', '1', '', '', '', '', 13, ''),
(1749, '134/2023', '300.000', '1', '19', '', '', '', 3, 'Tunis'),
(1750, '134/2023', '300.000', '1', '', '', '', '', 9, 'Tunis'),
(1758, '134/2023', '350.000', '1', '19', '', '', '', 6, 'Beja'),
(1759, '134/2023', '300.000', '1', '', '', '', '', 9, 'Beja');

-- --------------------------------------------------------

--
-- Structure de la table `grh`
--

CREATE TABLE `grh` (
  `id_grh` int(11) NOT NULL,
  `nomPersonnel` varchar(100) NOT NULL,
  `ADRESS` varchar(100) NOT NULL,
  `LibelleAdresse` varchar(250) NOT NULL,
  `TitreDiplome` varchar(250) DEFAULT NULL,
  `DIPLOME` varchar(100) NOT NULL,
  `TitreFormation` varchar(250) DEFAULT NULL,
  `FORMATION` varchar(100) NOT NULL,
  `fiche_paie` varchar(150) NOT NULL,
  `typeContrat` varchar(250) DEFAULT NULL,
  `CONTRAT` varchar(100) NOT NULL,
  `POSTE` varchar(100) NOT NULL
) ENGINE=InnoDB DEFAULT CHARSET=utf8mb4 COLLATE=utf8mb4_general_ci;

--
-- Déchargement des données de la table `grh`
--

INSERT INTO `grh` (`id_grh`, `nomPersonnel`, `ADRESS`, `LibelleAdresse`, `TitreDiplome`, `DIPLOME`, `TitreFormation`, `FORMATION`, `fiche_paie`, `typeContrat`, `CONTRAT`, `POSTE`) VALUES
(1, 'BAHRINI SAFA', '', 'Tunis', 'MAITRISE SCIENCE TECHNIQUE EN MAICANIQUE DE TUNIS', 'diplomeSafa.pdf', '', '', '', 'CDI', 'contrat.zip', 'Responsable administratif'),
(3, 'SASSI MOKHTAR', '', 'Tunis', 'DIPLOME ETUDES SUPERIEURES DE TECHNOLOGIE EN GENIE MECANIQUE', 'diplomeMokhtar.pdf', 'apparels à pression', 'apparelspression.pdf', '', '', '', 'Directeur Général et directeur technique'),
(4, 'BAHRINI MOUNA', '', 'BORJ EL AMRI', '', '', 'INFORMATIQUE BUREAUTIQUE ET COMPTABILITE', '', '', '', '', ''),
(5, 'FERJANI MOHAMMED YASSINE', '', 'MSAADINE  BORJ EL AMRI', 'TECHNECIEN MAINTENANCE AGRICULTURE', 'diplomeYassine.pdf', '', '', '', '', '', ''),
(7, 'SASSI MOKHTAR', '', '', '', '', '', '', '', '', '', ''),
(8, 'SASSI MOKHTAR', '', '', '', '', 'Protection des ouvrages contre la corrosion', 'F__AntiCorrosion.pdf', '', '', '', ''),
(9, 'BAHRINI MOUNA', '', '', 'MAITRISE ECONOMIE', 'mouna.pdf', '', '', '', '', '', ''),
(10, 'BAHRINI MOUNA', '', '', '', '', '', '', '', '', '', 'Assistante Qualité'),
(11, 'MAJDI MEZZI', '', 'cité ezzahrouni', 'Licence Appliqué en électrique', '', 'Contrôle Installation Gaz', '', '', '', '', ''),
(12, 'FERJANI MOHAMMED YASSINE', '', '', '', '', '', '', '', '', '', 'Inspecteur'),
(13, 'MAJDI MEZZI', '', '', '', '', '', '', '', '', '', 'Inspecteur'),
(14, 'MAJDI MEZZI', '', '', '', '', '', '', '', '', '', ''),
(15, 'SASSI MOKHTAR', '', '', '', '', 'Accreditation', 'Accreditation.pdf', '', '', '', ''),
(16, 'SASSI MOKHTAR', '', '', '', '', 'CONTROLE PAR MAGNETOSCOPIQUE', 'CONTROLE PAR MAGNETOSCOPIQUE.pdf', '', '', '', ''),
(17, 'SASSI MOKHTAR', '', '', '', '', '-contrôle non destructif', 'controle non destructif.pdf', '', '', '', ''),
(19, 'SASSI MOKHTAR', '', '', '', '', 'CONTROLE PAR RESSUAGE', 'CONTROLE PAR RESSUAGE.pdf', '', '', '', ''),
(20, 'MAJDI MEZZI', '', '', '-Licence Appliqué en électrique', 'diplome majdi.pdf', '', '', '', '', '', ''),
(21, 'MAJDI MEZZI', '', '', '', '', 'Contrôle Installation Gaz', 'formation majdi.pdf', '', '', '', '');

-- --------------------------------------------------------

--
-- Structure de la table `offres_projets`
--

CREATE TABLE `offres_projets` (
  `id_Projets_Offre` int(11) NOT NULL,
  `offre` varchar(100) NOT NULL,
  `prix_unit_htv` varchar(100) DEFAULT NULL,
  `qte` varchar(100) DEFAULT NULL,
  `tva` varchar(200) DEFAULT NULL,
  `remise` varchar(200) DEFAULT NULL,
  `prixForfitaire` varchar(200) DEFAULT NULL,
  `prixTTC` varchar(200) DEFAULT NULL,
  `projet` int(11) DEFAULT NULL,
  `adresseClient` varchar(250) DEFAULT NULL
) ENGINE=InnoDB DEFAULT CHARSET=utf8mb4 COLLATE=utf8mb4_general_ci;

--
-- Déchargement des données de la table `offres_projets`
--

INSERT INTO `offres_projets` (`id_Projets_Offre`, `offre`, `prix_unit_htv`, `qte`, `tva`, `remise`, `prixForfitaire`, `prixTTC`, `projet`, `adresseClient`) VALUES
(82, '104/2023', '80.919', '10', '19', '', '', '', 36, NULL),
(86, '04-09-23', '800.000', '1', '19', '', '', '', 11, NULL),
(87, '04-09-23', '150.000', '2', '19', '', '', '', 15, NULL),
(88, '04-09-23', '800.000', '1', '19', '', '', '', 20, NULL),
(89, '04-09-23', '150.000', '2', '19', '', '', '', 26, NULL),
(93, '105/2023', '13.560', '59', '19', '', '', '', 10, NULL),
(102, '06-09-2023', '300.000', '1', '19', '', '', '', 11, NULL),
(103, '06-09-2023', '300.000', '1', '19', '', '', '', 20, NULL),
(104, '06-09-2023', '300.000', '1', '19', '', '', '', 22, NULL),
(105, '06-09-2023', '300.000', '1', '19', '', '', '', 37, NULL),
(216, '106/2023', '30.000', '102', '19', '', '', '', 10, NULL),
(217, '107/2023', '125.000', '4', '19', '', '', '', 10, NULL),
(231, '108/2023', '300.000', '1', '19', '', '', '', 11, NULL),
(232, '108/2023', '300.000', '1', '19', '', '', '', 24, NULL),
(233, '109/2023', '80.000', '18', '19', '', '', '', 15, NULL),
(234, '109/2023', '100.000', '1', '19', '', '', '', 38, NULL),
(235, '109/2023', '300.000', '1', '19', '', '', '', 39, NULL),
(254, '111/2023', '470.000', '1', '19', '', '', '', 11, NULL),
(255, '111/2023', '250.000', '1', '19', '', '', '', 21, NULL),
(256, '111/2023', '450.000', '1', '19', '', '', '', 41, NULL),
(260, '113/2023', '300.000', '1', '19', '', '', '', 24, NULL),
(270, '115/2023', '300.000', '1', '19', '', '', '', 41, NULL),
(275, '117/2023', '350.000', '1', '19', '', '', '', 11, NULL),
(276, '117/2023', '350.000', '1', '19', '', '', '', 41, NULL),
(284, '118/2023', '350.000', '1', '19', '', '', '', 11, NULL),
(285, '118/2023', '350.000', '1', '19', '', '', '', 41, NULL),
(321, '119/2023', '350.000', '1', '19', '', '', '', 24, NULL),
(360, '112/2023', '350.000', '1', '19', '', '', '', 11, NULL),
(382, '24/2023', '750.000', '2', '19', '', '', '', 1, NULL),
(416, '102/2023', '6', '250', '19', '', '', '', 6, NULL),
(429, '116/2023', NULL, 'ENS', NULL, NULL, '6825.000', NULL, 6, NULL),
(430, '116/2023', NULL, NULL, NULL, NULL, NULL, NULL, 11, NULL),
(431, '116/2023', NULL, NULL, NULL, NULL, NULL, NULL, 22, NULL),
(432, '116/2023', NULL, NULL, NULL, NULL, NULL, NULL, 42, NULL),
(439, '120/2023', '250.000', '1', '19', '', '', '', 11, NULL),
(440, '120/2023', '250.000', '1', '19', '', '', '', 20, NULL),
(441, '120/2023', '250.000', '1', '19', '', '', '', 24, NULL),
(442, '120/2023', '250.000', '1', '19', '', '', '', 41, NULL),
(777, '122/2023', '200.000', '1', '19', '', '', '', 46, NULL),
(778, '123/2023', '80.000', '15', '19', '', '', '', 42, NULL),
(825, '121/2023', '600.000', '1', '19', '', '', '', 2, NULL),
(826, '121/2023', '600.000', '1', '', '', '', '', 11, NULL),
(827, '121/2023', '600.000', '1', '', '', '', '', 21, NULL),
(828, '121/2023', '600.000', '1', '', '', '', '', 22, NULL),
(829, '121/2023', '600.000', '1', '', '', '', '', 24, NULL),
(844, '124/2023', '', '', '', '', '3500    ', '', 1, NULL),
(845, '124/2023', '', 'ENS', '', '', '', '', 11, NULL),
(846, '124/2023', '', 'ENS', '', '', '', '', 42, NULL),
(847, '124/2023', '', 'ENS', '', '', '', '', 47, NULL),
(848, '124/2023', '', 'ENS', '', '', '', '', 48, NULL),
(858, '103/2023', '350.000', '1', '19', '', '', '', 11, NULL),
(871, '125/2023', '80.000', '1', '19', '', '', '', 17, NULL),
(872, '125/2023', '100.000', '3', '19', '', '', '', 42, NULL),
(920, '114/2023', '750.000', '1', '19', '', '', '', 11, NULL),
(921, '114/2023', '750.000', '1', '', '', '', '', 41, NULL),
(967, '126/2023', '90.000', '12', '19', '', '', '', 42, ''),
(979, '127/2023', '470.000', '1', '19', '', '', '', 11, 'SIDI HAMED HAMMAMET'),
(980, '127/2023', '250.000', '1', '19', '', '', '', 21, 'SIDI HAMED HAMMAMET'),
(981, '127/2023', '780.000', '1', '19', '', '', '', 11, 'KM 03 ROUTE BNI KHALED GROMBALIA'),
(982, '127/2023', '380.000', '1', '19', '', '', '', 21, 'KM 03 ROUTE BNI KHALED GROMBALIA'),
(983, '127/2023', '530.000', '1', '', '', '', '', 24, 'KM 03 ROUTE BNI KHALED GROMBALIA'),
(984, '127/2023', '430.000', '1', '', '', '', '', 48, 'KM 03 ROUTE BNI KHALED GROMBALIA'),
(985, '127/2023', '157.000', '4', '', '', '', '', 49, 'KM 03 ROUTE BNI KHALED GROMBALIA'),
(990, '128/2023', '470.000', '1', '19', '', '', '', 11, 'KM3 ROUTE BENI KHALED GROMBALIA'),
(991, '128/2023', '250.000', '1', '19', '', '', '', 21, 'KM3 ROUTE BENI KHALED GROMBALIA'),
(992, '128/2023', '250.000', '1', '19', '', '', '', 24, 'KM3 ROUTE BENI KHALED GROMBALIA'),
(993, '128/2023', '350.000', '1', '19', '', '', '', 41, 'KM3 ROUTE BENI KHALED GROMBALIA'),
(1236, '129/2023', '80.000', '4', '19', '', '', '', 42, ''),
(1237, '130/2023', '80.000', '8', '19', '', '', '', 42, ''),
(1238, '131/2023', '80.000', '10', '19', '', '', '', 42, ''),
(1300, '133/2023', '', '', '', '', '150.000', '', 1, ''),
(1301, '133/2023', '', 'ENS', '', '', '', '', 4, ''),
(1302, '133/2023', '', 'ENS', '', '', '', '', 8, ''),
(1303, '133/2023', '', 'ENS', '', '', '', '', 11, ''),
(1304, '133/2023', '', 'ENS', '', '', '', '', 14, ''),
(1319, '110/2023', '470.000', '1', '', '', '', '', 11, ''),
(1320, '110/2023', '250.000', '1', '', '', '', '', 21, ''),
(1321, '110/2023', '360.000', '1', '', '', '', '', 24, ''),
(1322, '110/2023', '305.000', '1', '', '', '', '', 41, ''),
(1323, '110/2023', '250.000', '1', '', '', '', '', 42, ''),
(1331, '133/2023', '', '', '', '', '150.000', '', 1, 'USINE RADES'),
(1332, '133/2023', '', 'ENS', '', '', '', '', 4, 'USINE RADES'),
(1335, '132/2023', '1200', '1', '', '', '', '', 1, ''),
(1336, '132/2023', '300.000', '1', '', '', '', '', 4, ''),
(1337, '132/2023', '300.000', '1', '', '', '', '', 13, ''),
(1338, '134/2023', '300.000', '1', '19', '', '', '', 3, ''),
(1339, '134/2023', '350.000', '1', '19', '', '', '', 6, ''),
(1340, '134/2023', '300.000', '1', '19', '', '', '', 3, 'Tunis'),
(1341, '134/2023', '300.000', '1', '', '', '', '', 9, 'Tunis'),
(1346, '134/2023', '350.000', '1', '19', '', '', '', 6, ''),
(1347, '134/2023', '300.000', '1', '', '', '', '', 9, ''),
(1348, '134/2023', '350.000', '1', '', '', '', '', 11, ''),
(1349, '134/2023', '350.000', '1', '19', '', '', '', 6, 'Beja'),
(1350, '134/2023', '300.000', '1', '', '', '', '', 9, 'Beja');

-- --------------------------------------------------------

--
-- Structure de la table `offre_prix`
--

CREATE TABLE `offre_prix` (
  `id_offre` int(11) NOT NULL,
  `num_offre` varchar(20) NOT NULL,
  `date` varchar(20) NOT NULL,
  `client` int(20) NOT NULL
) ENGINE=InnoDB DEFAULT CHARSET=utf8mb4 COLLATE=utf8mb4_general_ci;

--
-- Déchargement des données de la table `offre_prix`
--

INSERT INTO `offre_prix` (`id_offre`, `num_offre`, `date`, `client`) VALUES
(68, '102/2023', '2023-09-04', 84),
(69, '103/2023', '2023-09-04', 85),
(70, '104/2023', '2023-09-05', 87),
(74, '04-09-23', '2023-09-04', 89),
(82, '105/2023', '2023-09-05', 88),
(87, '06-09-2023', '2023-09-06', 90),
(134, '106/2023', '2023-09-15', 75),
(135, '107/2023', '2023-09-18', 95),
(144, '108/2023', '2023-09-18', 97),
(145, '109/2023', '2023-09-21', 27),
(152, '111/2023', '2023-09-19', 100),
(155, '113/2023', '2023-09-22', 102),
(159, '114/2023', '2023-09-26', 103),
(160, '115/2023', '2023-09-26', 96),
(162, '117/2023', '2023-09-28', 4),
(168, '118/2023', '2023-09-28', 104),
(183, '119/2023', '2023-10-02', 107),
(199, '112/2023', '2023-09-21', 101),
(209, '24/2023', '2023-10-06', 109),
(215, '110/2023', '2023-10-09', 99),
(226, '116/2023', '2023-09-29', 86),
(230, '120/2023', '2023-10-10', 111),
(283, '122/2023', '2023-10-16', 75),
(284, '123/2023', '2023-10-16', 27),
(291, '121/2023', '2023-10-17', 117),
(298, '124/2023', '2023-10-18', 118),
(303, '125/2023', '2023-10-19', 119),
(323, '126/2023', '2023-10-24', 54),
(325, '127/2023', '2023-10-24', 120),
(326, '128/2023', '2023-10-24', 100),
(345, '444444', '2023-10-27', 116),
(346, '129/2023', '2023-10-30', 15),
(347, '130/2023', '2023-10-30', 15),
(348, '131/2023', '2023-10-30', 15),
(350, '132/2023', '2023-10-31', 116),
(351, '133/2023', '2023-10-31', 116),
(352, '134/2023', '2023-11-02', 116);

-- --------------------------------------------------------

--
-- Structure de la table `projet`
--

CREATE TABLE `projet` (
  `id` int(11) NOT NULL,
  `classement` varchar(350) NOT NULL
) ENGINE=InnoDB DEFAULT CHARSET=utf8mb4 COLLATE=utf8mb4_general_ci;

--
-- Déchargement des données de la table `projet`
--

INSERT INTO `projet` (`id`, `classement`) VALUES
(1, 'controle des installations de la chaudière à vapeur'),
(2, 'contrôle des installations de la chaudière à eau chaude'),
(3, 'contrôle des installations de l\'autoclave vapeur'),
(4, 'recepions vapeur'),
(5, 'extincteur mobile'),
(6, 'réservoir air comprimé'),
(8, 'bouteille d\'extinction'),
(9, 'bouteille d\'extinction'),
(10, '\r\n1-controle des réservoirs d\'air comprimé\r\na-Visite avant épreuve\r\nb-Mesure des épaisseurs \r\nc-Epreuve hydraulique et poinçonnage des appareils.'),
(11, 'installation électrique '),
(12, 'groupe électrogène'),
(13, 'ascenseur'),
(14, 'monte charge'),
(15, 'chariot élévateur 3T'),
(16, 'nacelle'),
(17, 'transpalette'),
(18, 'pont roulant'),
(19, 'rolons électrique'),
(20, 'sécurité incendie'),
(21, 'RIA'),
(22, 'contrôle des installations du système de Détection automatique incendie'),
(23, 'Désenfumage'),
(24, 'installation gaz'),
(25, 'poste de détente gaz'),
(26, 'gerbeur'),
(35, 'Expertise ascenseur'),
(36, 'RESERVOIR DE FREON'),
(37, 'DETECTION AUTOMATIQUE GAZ'),
(38, 'Chariot élévateur 5T'),
(39, 'Chariot élévateur 12T'),
(41, 'DETECTION INCENDIE'),
(42, 'CHARIOT ELEVATEUR'),
(43, 'EXTINXCTEUR CO2 5KG'),
(44, 'EXTINCTEUR FM 200'),
(45, 'EXTINCTEUR NOVEC'),
(46, 'CONTROLE TECHNIQUE DES GRUES D\'ATELIERS'),
(47, 'CONTRÔLE OFFICIELLE DE LA CHAUDIERE A VAPEUR'),
(48, 'INSTALLATION CHAMBRE DE FUMIGATION'),
(49, 'APPAREIL DE LEVAGE');

-- --------------------------------------------------------

--
-- Structure de la table `reglement`
--

CREATE TABLE `reglement` (
  `id_reglement` int(11) NOT NULL,
  `client` int(11) DEFAULT NULL,
  `num_fact` varchar(100) DEFAULT NULL,
  `prix_ttc` varchar(100) DEFAULT NULL,
  `etat_reglement` varchar(20) DEFAULT NULL,
  `num_cheque` varchar(50) DEFAULT NULL,
  `date_cheque` varchar(50) DEFAULT NULL,
  `retenue_date` varchar(50) DEFAULT NULL,
  `TypeReglement` varchar(250) DEFAULT NULL,
  `montant` varchar(250) DEFAULT NULL,
  `dateReglement` varchar(250) DEFAULT NULL,
  `pieceRs` varchar(250) DEFAULT NULL
) ENGINE=InnoDB DEFAULT CHARSET=utf8mb4 COLLATE=utf8mb4_general_ci;

--
-- Déchargement des données de la table `reglement`
--

INSERT INTO `reglement` (`id_reglement`, `client`, `num_fact`, `prix_ttc`, `etat_reglement`, `num_cheque`, `date_cheque`, `retenue_date`, `TypeReglement`, `montant`, `dateReglement`, `pieceRs`) VALUES
(2, 84, '102/2023', '1786.000', 'oui', '0000764', '2023-09-01', '', 'Chèque', NULL, NULL, NULL),
(4, 85, '103/2023', '', 'Oui', '', '', '', 'Espèce', '', '', ''),
(5, 87, '104/2023', '', 'oui', '7125487', '2023-07-13', '', '', NULL, NULL, NULL),
(6, 88, '105/2023', '953.000', 'Oui', '0', '2023-09-06', '', '', NULL, NULL, NULL),
(36, 95, '107/2023', '', 'Oui', '9113890', '', '', 'Chèque', NULL, NULL, NULL),
(44, 97, '108/2023', '715.000', 'oui', '2029479', '2023-09-18', '', 'Chèque', NULL, NULL, NULL),
(46, 75, '106/2023', '', 'oui', '0008732,,,,', '2023-09-28,,,,', '2023-09-28', 'Chèque,,,,', '3605.976,,,,', '2023-09-28,,,,', 'REVOLON.pdf'),
(47, 27, '109/2023', '', 'non', '0', '', '', '', NULL, NULL, NULL),
(54, 100, '111/2023', '', 'non', '0', '', '', '', NULL, NULL, NULL),
(56, 102, '113/2023', '358.000', 'Oui', '661', '2023-09-30', '', 'Chèque', NULL, NULL, NULL),
(60, 103, '114/2023', '', 'non', '0', '', '', '', NULL, NULL, NULL),
(61, 96, '115/2023', '301.000', 'Oui', '3542824', '2023-09-29', '', 'Chèque', NULL, NULL, NULL),
(68, 104, '118/2023', '', 'Oui', '', '', '', 'Chèque', '', '', ''),
(69, 81, '117/2023', '', 'oui', '0076448,,,,', '2023-11-25,,,,', '2023-10-26', 'Chèque,,,,', '3613.959,,,,', '2023-10-26,,,,', 'GTS WIKAYA.pdf'),
(81, 107, '119/2023', '', 'non', '0', '', '', '', NULL, NULL, NULL),
(96, 101, '112/2023', '', 'oui', '4389800', '2023-09-22', '', 'Chèque', NULL, NULL, NULL),
(100, 99, '110/2023', '', 'oui', '9790957,,,,', '2023-10-16,,,,', '', 'Chèque,,,,', ',,,,', '2023-10-16,,,,', ''),
(114, 86, '116/2023', '', 'Non', '', '', '', '', NULL, NULL, NULL),
(116, 111, '120/2023', '', 'non', '', '', '', '', NULL, NULL, NULL),
(140, 75, '122/2023', '', 'non', '', '', '', '', NULL, NULL, NULL),
(141, 27, '123/2023', '', 'non', '', '', '', '', NULL, NULL, NULL),
(143, 117, '121/2023', '3463.870', 'Oui', '0012721', '2023-10-14', '2023-10-14', 'Chèque', NULL, NULL, 'STE HOTEL LES CITRONNIERS.pdf'),
(145, 118, '124/2023', '', 'oui', '0001101,,,,', '2023-10-19,,,,', '', 'Chèque,,,,', '3465.990,,,,', '2023-10-19,,,,', ''),
(147, 119, '125/2023', '', 'non', '', '', '', '', '', '', ''),
(162, 54, '126/2023', '', 'non', ',,,,', ',,,,', '', ',,,,', ',,,,', ',,,,', ''),
(164, 120, '127/2023', '', 'non', ',,,,', ',,,,', '', ',,,,', ',,,,', ',,,,', ''),
(165, 100, '128/2023', '', 'non', ',,,,', ',,,,', '', ',,,,', ',,,,', ',,,,', ''),
(183, 15, '129/2023', '381.800', 'oui', '2350231,,,,', '2023-09-29,,,,', '', 'Chèque,,,,', '381.800,,,,', '2023-09-29,,,,', ''),
(184, 15, '130/2023', '', 'non', ',,,,', ',,,,', '', ',,,,', ',,,,', ',,,,', ''),
(185, 15, '131/2023', '', 'non', ',,,,', ',,,,', '', ',,,,', ',,,,', ',,,,', ''),
(187, 116, '132/2023', '', 'non', ',,,,', ',,,,', '', ',,,,', ',,,,', ',,,,', ''),
(188, 116, '133/2023', '150.000    ', 'non', ',,,,', ',,,,', '', ',,,,', ',,,,', ',,,,', ''),
(189, 116, '134/2023', '', 'non', ',,,,', ',,,,', '', ',,,,', ',,,,', ',,,,', '');

--
-- Index pour les tables déchargées
--

--
-- Index pour la table `archivebon_commande`
--
ALTER TABLE `archivebon_commande`
  ADD PRIMARY KEY (`id`),
  ADD UNIQUE KEY `num_bon_commande` (`num_bon_commande`),
  ADD KEY `client` (`client`);

--
-- Index pour la table `archivefacture`
--
ALTER TABLE `archivefacture`
  ADD PRIMARY KEY (`id`),
  ADD KEY `client` (`client`),
  ADD KEY `num_fact` (`num_fact`);

--
-- Index pour la table `archiveoffre`
--
ALTER TABLE `archiveoffre`
  ADD PRIMARY KEY (`id`),
  ADD KEY `client` (`factureArchive`),
  ADD KEY `factureArchive` (`factureArchive`),
  ADD KEY `client_2` (`client`);

--
-- Index pour la table `archive_bordereaux`
--
ALTER TABLE `archive_bordereaux`
  ADD PRIMARY KEY (`id`),
  ADD KEY `num_fact` (`num_fact`);

--
-- Index pour la table `archive_reglement`
--
ALTER TABLE `archive_reglement`
  ADD PRIMARY KEY (`id`),
  ADD KEY `client` (`client`,`num_fact_archive`),
  ADD KEY `num_fact_archive` (`num_fact_archive`);

--
-- Index pour la table `bon_commande`
--
ALTER TABLE `bon_commande`
  ADD PRIMARY KEY (`id`),
  ADD KEY `num_bon_commande` (`num_bon_commande`);

--
-- Index pour la table `bordereaux`
--
ALTER TABLE `bordereaux`
  ADD PRIMARY KEY (`id`),
  ADD KEY `num_fact` (`num_fact`),
  ADD KEY `num_fact_2` (`num_fact`),
  ADD KEY `num_fact_3` (`num_fact`);

--
-- Index pour la table `clients`
--
ALTER TABLE `clients`
  ADD PRIMARY KEY (`id`),
  ADD KEY `matriculeFiscale` (`matriculeFiscale`),
  ADD KEY `clent` (`nom_client`(191));

--
-- Index pour la table `cnss`
--
ALTER TABLE `cnss`
  ADD PRIMARY KEY (`id_cnss`);

--
-- Index pour la table `dossiersclients`
--
ALTER TABLE `dossiersclients`
  ADD PRIMARY KEY (`idDossier`),
  ADD KEY `client_id` (`client_id`);

--
-- Index pour la table `facture`
--
ALTER TABLE `facture`
  ADD PRIMARY KEY (`id`),
  ADD UNIQUE KEY `num_fact_2` (`num_fact`),
  ADD KEY `client` (`client`),
  ADD KEY `numboncommande` (`numboncommande`(191)),
  ADD KEY `num_fact` (`num_fact`);

--
-- Index pour la table `facture_projets`
--
ALTER TABLE `facture_projets`
  ADD PRIMARY KEY (`id_Projets_Facture`),
  ADD KEY `facture` (`facture`,`projet`),
  ADD KEY `projet` (`projet`),
  ADD KEY `facture_2` (`facture`),
  ADD KEY `projet_2` (`projet`);

--
-- Index pour la table `grh`
--
ALTER TABLE `grh`
  ADD PRIMARY KEY (`id_grh`);

--
-- Index pour la table `offres_projets`
--
ALTER TABLE `offres_projets`
  ADD PRIMARY KEY (`id_Projets_Offre`),
  ADD KEY `offre` (`offre`),
  ADD KEY `projet` (`projet`);

--
-- Index pour la table `offre_prix`
--
ALTER TABLE `offre_prix`
  ADD PRIMARY KEY (`id_offre`),
  ADD UNIQUE KEY `num_offre_3` (`num_offre`),
  ADD KEY `client` (`client`),
  ADD KEY `client_2` (`client`),
  ADD KEY `client_3` (`client`),
  ADD KEY `num_offre` (`num_offre`),
  ADD KEY `client_4` (`client`),
  ADD KEY `client_5` (`client`),
  ADD KEY `num_offre_2` (`num_offre`);

--
-- Index pour la table `projet`
--
ALTER TABLE `projet`
  ADD PRIMARY KEY (`id`);

--
-- Index pour la table `reglement`
--
ALTER TABLE `reglement`
  ADD PRIMARY KEY (`id_reglement`),
  ADD KEY `client` (`client`),
  ADD KEY `num_fact` (`num_fact`);

--
-- AUTO_INCREMENT pour les tables déchargées
--

--
-- AUTO_INCREMENT pour la table `archivebon_commande`
--
ALTER TABLE `archivebon_commande`
  MODIFY `id` int(11) NOT NULL AUTO_INCREMENT, AUTO_INCREMENT=106;

--
-- AUTO_INCREMENT pour la table `archivefacture`
--
ALTER TABLE `archivefacture`
  MODIFY `id` int(11) NOT NULL AUTO_INCREMENT, AUTO_INCREMENT=111;

--
-- AUTO_INCREMENT pour la table `archiveoffre`
--
ALTER TABLE `archiveoffre`
  MODIFY `id` int(11) NOT NULL AUTO_INCREMENT, AUTO_INCREMENT=116;

--
-- AUTO_INCREMENT pour la table `archive_bordereaux`
--
ALTER TABLE `archive_bordereaux`
  MODIFY `id` int(11) NOT NULL AUTO_INCREMENT, AUTO_INCREMENT=105;

--
-- AUTO_INCREMENT pour la table `archive_reglement`
--
ALTER TABLE `archive_reglement`
  MODIFY `id` int(11) NOT NULL AUTO_INCREMENT, AUTO_INCREMENT=112;

--
-- AUTO_INCREMENT pour la table `bon_commande`
--
ALTER TABLE `bon_commande`
  MODIFY `id` int(11) NOT NULL AUTO_INCREMENT, AUTO_INCREMENT=178;

--
-- AUTO_INCREMENT pour la table `bordereaux`
--
ALTER TABLE `bordereaux`
  MODIFY `id` int(11) NOT NULL AUTO_INCREMENT, AUTO_INCREMENT=170;

--
-- AUTO_INCREMENT pour la table `clients`
--
ALTER TABLE `clients`
  MODIFY `id` int(11) NOT NULL AUTO_INCREMENT, AUTO_INCREMENT=121;

--
-- AUTO_INCREMENT pour la table `dossiersclients`
--
ALTER TABLE `dossiersclients`
  MODIFY `idDossier` int(11) NOT NULL AUTO_INCREMENT;

--
-- AUTO_INCREMENT pour la table `facture`
--
ALTER TABLE `facture`
  MODIFY `id` int(11) NOT NULL AUTO_INCREMENT, AUTO_INCREMENT=324;

--
-- AUTO_INCREMENT pour la table `facture_projets`
--
ALTER TABLE `facture_projets`
  MODIFY `id_Projets_Facture` int(11) NOT NULL AUTO_INCREMENT, AUTO_INCREMENT=1802;

--
-- AUTO_INCREMENT pour la table `grh`
--
ALTER TABLE `grh`
  MODIFY `id_grh` int(11) NOT NULL AUTO_INCREMENT, AUTO_INCREMENT=22;

--
-- AUTO_INCREMENT pour la table `offres_projets`
--
ALTER TABLE `offres_projets`
  MODIFY `id_Projets_Offre` int(11) NOT NULL AUTO_INCREMENT, AUTO_INCREMENT=1393;

--
-- AUTO_INCREMENT pour la table `offre_prix`
--
ALTER TABLE `offre_prix`
  MODIFY `id_offre` int(11) NOT NULL AUTO_INCREMENT, AUTO_INCREMENT=356;

--
-- AUTO_INCREMENT pour la table `projet`
--
ALTER TABLE `projet`
  MODIFY `id` int(11) NOT NULL AUTO_INCREMENT, AUTO_INCREMENT=50;

--
-- AUTO_INCREMENT pour la table `reglement`
--
ALTER TABLE `reglement`
  MODIFY `id_reglement` int(11) NOT NULL AUTO_INCREMENT, AUTO_INCREMENT=193;

--
-- Contraintes pour les tables déchargées
--

--
-- Contraintes pour la table `archivebon_commande`
--
ALTER TABLE `archivebon_commande`
  ADD CONSTRAINT `archivebon_commande_ibfk_1` FOREIGN KEY (`client`) REFERENCES `clients` (`id`) ON DELETE CASCADE ON UPDATE CASCADE;

--
-- Contraintes pour la table `archivefacture`
--
ALTER TABLE `archivefacture`
  ADD CONSTRAINT `archivefacture_ibfk_1` FOREIGN KEY (`client`) REFERENCES `clients` (`id`) ON DELETE CASCADE ON UPDATE CASCADE;

--
-- Contraintes pour la table `archiveoffre`
--
ALTER TABLE `archiveoffre`
  ADD CONSTRAINT `archiveoffre_ibfk_1` FOREIGN KEY (`factureArchive`) REFERENCES `archivefacture` (`num_fact`) ON DELETE CASCADE ON UPDATE CASCADE,
  ADD CONSTRAINT `archiveoffre_ibfk_2` FOREIGN KEY (`client`) REFERENCES `clients` (`id`) ON DELETE CASCADE ON UPDATE CASCADE;

--
-- Contraintes pour la table `archive_bordereaux`
--
ALTER TABLE `archive_bordereaux`
  ADD CONSTRAINT `archive_bordereaux_ibfk_1` FOREIGN KEY (`num_fact`) REFERENCES `archivefacture` (`num_fact`) ON DELETE CASCADE ON UPDATE CASCADE;

--
-- Contraintes pour la table `archive_reglement`
--
ALTER TABLE `archive_reglement`
  ADD CONSTRAINT `archive_reglement_ibfk_1` FOREIGN KEY (`client`) REFERENCES `clients` (`id`) ON DELETE CASCADE ON UPDATE CASCADE,
  ADD CONSTRAINT `archive_reglement_ibfk_2` FOREIGN KEY (`num_fact_archive`) REFERENCES `archivefacture` (`num_fact`) ON DELETE CASCADE ON UPDATE CASCADE;

--
-- Contraintes pour la table `bon_commande`
--
ALTER TABLE `bon_commande`
  ADD CONSTRAINT `bon_commande_ibfk_1` FOREIGN KEY (`num_bon_commande`) REFERENCES `facture` (`num_fact`) ON DELETE CASCADE ON UPDATE CASCADE;

--
-- Contraintes pour la table `bordereaux`
--
ALTER TABLE `bordereaux`
  ADD CONSTRAINT `bordereaux_ibfk_1` FOREIGN KEY (`num_fact`) REFERENCES `facture` (`num_fact`) ON DELETE CASCADE ON UPDATE CASCADE;

--
-- Contraintes pour la table `dossiersclients`
--
ALTER TABLE `dossiersclients`
  ADD CONSTRAINT `dossiersclients_ibfk_1` FOREIGN KEY (`client_id`) REFERENCES `clients` (`id`) ON DELETE CASCADE ON UPDATE CASCADE;

--
-- Contraintes pour la table `facture`
--
ALTER TABLE `facture`
  ADD CONSTRAINT `facture_ibfk_1` FOREIGN KEY (`client`) REFERENCES `clients` (`id`) ON DELETE CASCADE ON UPDATE CASCADE;

--
-- Contraintes pour la table `facture_projets`
--
ALTER TABLE `facture_projets`
  ADD CONSTRAINT `facture_projets_ibfk_1` FOREIGN KEY (`facture`) REFERENCES `facture` (`num_fact`) ON DELETE CASCADE ON UPDATE CASCADE,
  ADD CONSTRAINT `facture_projets_ibfk_2` FOREIGN KEY (`projet`) REFERENCES `projet` (`id`) ON DELETE CASCADE ON UPDATE CASCADE;

--
-- Contraintes pour la table `offres_projets`
--
ALTER TABLE `offres_projets`
  ADD CONSTRAINT `offres_projets_ibfk_1` FOREIGN KEY (`offre`) REFERENCES `offre_prix` (`num_offre`) ON DELETE CASCADE ON UPDATE CASCADE,
  ADD CONSTRAINT `offres_projets_ibfk_2` FOREIGN KEY (`projet`) REFERENCES `projet` (`id`) ON DELETE CASCADE ON UPDATE CASCADE;

--
-- Contraintes pour la table `offre_prix`
--
ALTER TABLE `offre_prix`
  ADD CONSTRAINT `offre_prix_ibfk_1` FOREIGN KEY (`client`) REFERENCES `clients` (`id`) ON DELETE CASCADE ON UPDATE CASCADE;

--
-- Contraintes pour la table `reglement`
--
ALTER TABLE `reglement`
  ADD CONSTRAINT `reglement_ibfk_1` FOREIGN KEY (`num_fact`) REFERENCES `facture` (`num_fact`) ON DELETE CASCADE ON UPDATE CASCADE,
  ADD CONSTRAINT `reglement_ibfk_2` FOREIGN KEY (`client`) REFERENCES `clients` (`id`) ON DELETE CASCADE ON UPDATE CASCADE;
COMMIT;

/*!40101 SET CHARACTER_SET_CLIENT=@OLD_CHARACTER_SET_CLIENT */;
/*!40101 SET CHARACTER_SET_RESULTS=@OLD_CHARACTER_SET_RESULTS */;
/*!40101 SET COLLATION_CONNECTION=@OLD_COLLATION_CONNECTION */;
