-- phpMyAdmin SQL Dump
-- version 5.2.1
-- https://www.phpmyadmin.net/
--
-- Hôte : 127.0.0.1
-- Généré le : lun. 11 sep. 2023 à 11:30
-- Version du serveur : 10.4.28-MariaDB
-- Version de PHP : 8.2.4

SET SQL_MODE = "NO_AUTO_VALUE_ON_ZERO";
START TRANSACTION;
SET time_zone = "+00:00";


/*!40101 SET @OLD_CHARACTER_SET_CLIENT=@@CHARACTER_SET_CLIENT */;
/*!40101 SET @OLD_CHARACTER_SET_RESULTS=@@CHARACTER_SET_RESULTS */;
/*!40101 SET @OLD_COLLATION_CONNECTION=@@COLLATION_CONNECTION */;
/*!40101 SET NAMES utf8mb4 */;

--
-- Base de données : `tpc`
--

-- --------------------------------------------------------

--
-- Structure de la table `archivebon_commande`
--

CREATE TABLE `archivebon_commande` (
  `id` int(11) NOT NULL,
  `num_bon_commande` varchar(10) NOT NULL,
  `date_bon_commande` varchar(20) NOT NULL,
  `client` int(11) NOT NULL,
  `piecejointe` varchar(100) NOT NULL,
  `num_bon_commandeFournisseur` varchar(250) DEFAULT NULL
) ENGINE=InnoDB DEFAULT CHARSET=utf8mb4 COLLATE=utf8mb4_general_ci;

--
-- Déchargement des données de la table `archivebon_commande`
--

INSERT INTO `archivebon_commande` (`id`, `num_bon_commande`, `date_bon_commande`, `client`, `piecejointe`, `num_bon_commandeFournisseur`) VALUES
(2, '01/2023', '2023-01-11', 3, '', ''),
(4, '02/2023', '2023-01-27', 4, '', ''),
(5, '03/2023', '2023-01-30', 5, '', ''),
(6, '04/2023', '2023-02-06', 6, '', ''),
(7, '05/2023', '2023-02-02', 7, '', ''),
(8, '06/2023', '2023-02-02', 8, '', ''),
(9, '07/2023', '2023-03-03', 9, '', ''),
(10, '08/2023', '2023-02-06', 10, '', ''),
(12, '010/2023', '2023-02-08', 12, '', ''),
(13, '11/2023', '2023-02-15', 13, '', ''),
(14, '12/2023', '2023-02-17', 14, '', ''),
(15, '13/2023', '2023-02-17', 15, '', ''),
(16, '14/2023', '2023-02-21', 16, '', ''),
(17, '15/2023', '2023-02-24', 17, '', ''),
(18, '16/2023', '2023-02-24', 17, '', ''),
(19, '17/2023', '2023-02-24', 17, '', ''),
(20, '18/2023', '2023-03-01', 18, '', ''),
(21, '19/2023', '2023-03-01', 19, '', ''),
(22, '20/2023', '2023-03-01', 19, '', ''),
(23, '21/2023', '2023-03-07', 20, '', ''),
(24, '22/2023', '2023-03-08', 15, '', ''),
(25, '23/2023', '2023-03-08', 21, '', ''),
(26, '24/2023', '2023-03-08', 22, '', ''),
(27, '25/2023', '2023-03-13', 23, '', ''),
(28, '26/2023', '2023-03-21', 24, '', '0000259'),
(29, '27/2023', '2023-03-21', 24, 'ECME16-03-23.pdf', '0000271'),
(30, '28/2023', '2023-03-21', 25, '', ''),
(31, '29/2023', '2023-03-22', 6, '', ''),
(32, '30/2023', '2023-03-27', 26, '', ''),
(33, '31/2023', '2023-03-27', 15, '', ''),
(34, '32/2023', '2023-03-27', 27, '', ''),
(35, '33/2023', '2023-03-28', 27, '', ''),
(36, '34/2023', '2023-04-11', 28, '', ''),
(37, '35/2023', '2023-04-12', 29, '', ''),
(38, '36/2023', '2023-04-12', 30, '', ''),
(39, '37/2023', '2023-05-02', 31, '', ''),
(40, '38/2023', '2023-05-03', 19, '', ''),
(41, '39/2023', '2023-05-05', 32, '', ''),
(42, '40/2023', '2023-05-05', 33, '', ''),
(43, '41/2023', '2023-05-08', 34, '', ''),
(44, '42/2023', '2023-05-08', 34, '', ''),
(46, '43/2023', '2023-05-08', 34, '', ''),
(47, '44/2023', '2023-05-12', 35, '', ''),
(48, '45/2023', '2023-05-15', 36, '', ''),
(49, '46/2023', '2023-05-15', 27, '', ''),
(50, '47/2023', '2023-05-16', 37, '', ''),
(52, '48/2023', '2023-05-16', 38, 'LES CARRELAGES28-03-23.pdf', '03026'),
(53, '49/2023', '2023-05-17', 39, '', ''),
(54, '50/2023', '2023-05-17', 40, '', ''),
(55, '51/2023', '2023-05-17', 41, '', ''),
(56, '52/2023', '2023-05-22', 42, '', ''),
(57, '53/2023', '2023-05-23', 43, '', ''),
(58, '54/2023', '2023-05-25', 44, 'SOFIN PLANT17-05-23.pdf', '000026'),
(59, '55/2023', '2023-05-25', 15, '', ''),
(60, '56/2023', '2023-05-25', 45, '', ''),
(61, '57/2023', '2023-05-26', 37, '', ''),
(62, '58/2023', '2023-05-26', 47, '', ''),
(63, '59/2023', '2023-05-26', 48, 'P2K17-03-23.pdf', '000080'),
(64, '60/2023', '2023-05-30', 49, '', ''),
(65, '61/2023', '2023-06-01', 22, '', ''),
(66, '62/2023', '2023-06-02', 50, '', ''),
(67, '63/2023', '2023-06-06', 51, '', ''),
(68, '64/2023', '2023-06-06', 52, '', ''),
(69, '65/2023', '2023-06-06', 53, '', ''),
(70, '66/2023', '2023-06-06', 54, '', ''),
(71, '67/2023', '2023-06-07', 4, '', ''),
(72, '68/2023', '2023-06-06', 55, '', ''),
(73, '69/2023', '2023-06-12', 56, '', ''),
(74, '70/2023', '2023-06-12', 57, '', ''),
(75, '71/2023', '2023-06-13', 58, '', ''),
(76, '72/2023', '2023-06-13', 59, 'BELLA COSMETICA08-06-23.pdf', '000411'),
(77, '73/2023', '2023-06-14', 32, '', ''),
(78, '74/2023', '2023-06-15', 60, 'TUNITEK INDUSTRY08-05-23.pdf', '01367'),
(79, '75/2023', '2023-06-15', 61, '', ''),
(80, '76/2023', '2023-06-15', 62, '', ''),
(81, '77/2023', '2023-06-15', 63, '', ''),
(82, '78/2023', '2023-06-15', 64, '', ''),
(83, '79/2023', '2023-06-20', 65, 'STE CHIMEX08-06-23.pdf', ''),
(84, '80/2023', '2023-06-21', 62, '', ''),
(85, '81/2023', '2023-07-03', 66, '', ''),
(86, '82/2023', '2023-07-03', 67, '', ''),
(87, '83/2023', '2023-07-04', 52, '', ''),
(88, '84/2023', '2023-07-17', 68, '', ''),
(89, '85/2023', '2023-07-18', 69, '', ''),
(90, '86/2023', '2023-07-21', 15, '', ''),
(91, '87/2023', '2023-07-21', 27, '', ''),
(92, '88/2023', '2023-07-21', 70, '', ''),
(93, '89/2023', '2023-07-26', 71, '', ''),
(94, '90/2023', '2023-08-01', 72, '', ''),
(95, '91/2023', '2023-08-08', 73, 'MEDITECNMC05-07-23.pdf', '001381'),
(96, '92/2023', '2023-08-08', 74, '', ''),
(97, '93/2023', '2023-08-08', 75, '', ''),
(98, '94/2023', '2023-08-15', 76, '', ''),
(100, '96/2023', '2023-08-17', 82, '', ''),
(101, '97/2023', '2023-08-18', 78, '', ''),
(102, '98/2023', '2023-08-23', 79, '', ''),
(103, '99/2023', '2023-08-23', 80, 'STE BEST BROTHERS SHOES22-08-23.pdf', '0077'),
(104, '100/2023', '2023-08-31', 83, '', ''),
(105, '101/2023', '2023-08-31', 54, '', '');

-- --------------------------------------------------------

--
-- Structure de la table `archivefacture`
--

CREATE TABLE `archivefacture` (
  `id` int(11) NOT NULL,
  `num_fact` varchar(10) DEFAULT NULL,
  `client` int(11) DEFAULT NULL,
  `date` text DEFAULT NULL,
  `joindre` varchar(250) NOT NULL,
  `reglement` varchar(250) DEFAULT NULL,
  `typeReglement` varchar(250) DEFAULT NULL,
  `numcheque` varchar(250) DEFAULT NULL,
  `datecheque` varchar(250) DEFAULT NULL,
  `retenu` varchar(250) DEFAULT NULL
) ENGINE=InnoDB DEFAULT CHARSET=utf8mb4 COLLATE=utf8mb4_general_ci;

--
-- Déchargement des données de la table `archivefacture`
--

INSERT INTO `archivefacture` (`id`, `num_fact`, `client`, `date`, `joindre`, `reglement`, `typeReglement`, `numcheque`, `datecheque`, `retenu`) VALUES
(4, '02/2023', 4, '2023-01-27', 'FACT 02- STE GTS COMPLEXE CULTURELLE CITE ETTAHRIR.xlsx', '', '', '', '', ''),
(5, '03/2023', 5, '2023-08-30', 'FACT 03- STE ZKK KORBA.xlsx', 'oui', 'ESPES', '', '', ''),
(6, '04/2023', 6, '2023-02-02', 'FACT 04- STE PARETEC OUARDIA.xlsx', 'oui', '', '', '', ''),
(7, '05/2023', 7, '2023-02-02', 'FACT 05- STE maghreb revetement.xlsx', '', '', '', '', ''),
(8, '06/2023', 8, '2023-02-02', '6.pdf', 'oui', '', '', '', ''),
(9, '09/2023', 9, '2023-02-03', '', 'oui', '', '', '', ''),
(10, '08/2023', 10, '2023-02-06', 'FACT 08- STE OLICARPO JEDEIDA.xlsx', 'oui', '', '', '', ''),
(12, '10/2023', 12, '2023-02-08', 'FACT 10- STE SMILE COMMUNICATION MONPLAISIR.xlsx', 'oui', '', '', '', ''),
(13, '11/2023', 13, '2023-02-15', 'FACT 11 - STE assurance maghrebia.xlsx', 'oui', 'cheque', '0043965', '', ''),
(14, '12/2023', 14, '2023-02-17', 'FACT 12 - STE sipah.xlsx', '', '', '', '', ''),
(15, '13/2023', 15, '2023-02-17', 'FACT 13- STE SOTRADIES Z.I CHARGUIA.xlsx', 'oui', 'cheque', '0331430', '', ''),
(16, '14/2023', 16, '2023-02-21', 'FACT 14- STE VECTEUR KSAR SAID.xlsx', 'oui', '', '', '', ''),
(17, '15/2023', 17, '2023-02-24', '15.pdf', 'oui', '', '', '', '27-04-2023'),
(18, '16/2023', 17, '2023-02-24', '16.pdf', 'oui', '', '', '', ''),
(19, '17/2023', 17, '2023-08-24', '17.pdf', '', '', '', '', ''),
(20, '18/2023', 18, '2023-03-01', '18.pdf', 'oui', 'ESPES', '', '', ''),
(21, '19/2023', 19, '2023-03-01', 'FACT 19- FONDATION UNIVERSITAIRE BOUEBDELLI.xlsx', 'oui', 'cheque', '', '', ''),
(22, '20/2023', 19, '2023-03-01', 'FACT 20- FONDATION UNIVERSITAIRE BOUEBDELLI.xlsx', 'oui', 'cheque', '0109409', '2023-06-15', '2023-05-15'),
(23, '21/2023', 20, '2023-03-07', 'FACT 21- STE CAP BON SIDI DHAHER NABEUL.xlsx', '', '', '', '', ''),
(24, '22/2023', 15, '2023-03-08', 'FACT 22- STE SOTRADIES Z.I CHARGUIA.xlsx', 'oui', 'cheque', '0331431', '', ''),
(25, '23/2023', 21, '2023-03-08', '23.pdf', 'oui', 'cheque', '', '', ''),
(26, '24/2023', 22, '2023-03-08', 'FACT 24- STE SOTHITER Z.I KSAR SAID.xlsx', 'oui', 'cheque', '', '', ''),
(27, '25/2023', 23, '2023-03-13', '25.pdf', 'oui', '', '', '', ''),
(28, '26/2023', 24, '2023-03-21', '26.pdf', 'oui', '', '', '', ''),
(29, '27/2023', 24, '2023-03-21', '27.pdf', 'oui', '', '', '', ''),
(30, '28/2023', 25, '2023-03-21', '28.pdf', '', '', '', '', ''),
(31, '29/2023', 6, '2023-03-22', 'FACT 29- STE PARETEC OUARDIA.xlsx', 'oui', 'cheque', '2348228', '', ''),
(32, '30/2023', 26, '2023-03-27', 'FACT 30- STE PM.ELCOM MHAMDIA.xlsx', 'oui', '', '', '', ''),
(33, '31/2023', 15, '2023-03-27', 'FACT 31- STE SOTRADIES Z.I CHARGUIA.xlsx', '', '', '', '', ''),
(34, '32/2023', 27, '2023-03-27', 'FACT 32- STE GAM Z.I KRAM.xlsx', 'oui', 'cheque', '0547072', '', '26-04-2023'),
(35, '33/2023', 27, '2023-03-28', 'FACT 33- STE GAM Z.I KRAM.xlsx', 'oui', 'cheque', '0547030', '', ''),
(36, '34/2023', 28, '2023-04-11', '34.pdf', 'oui', 'cheque', '0003560', '', ''),
(37, '35/2023', 29, '2023-04-12', 'FACT 35- STE DISA TRADING BOUMHAL.xlsx', '', '', '', '', ''),
(38, '36/2023', 30, '2023-04-12', 'FACT 36- STE MEGA PRINTING PACKAGING Z.I CHARGUIA.xlsx', 'oui', '', '', '', ''),
(39, '37/2023', 31, '2023-05-02', 'FACT 37- STE PHILBERT TUNISIE.xlsx', 'oui', '', '', '', ''),
(40, '38/2023', 19, '2023-05-03', 'FACT 38- FONDATION UNIVERSITAIRE BOUEBDELLI - B4.xlsx', 'oui', 'cheque', '0109477', '2023-06-22', '2023-06-22'),
(41, '39/2023', 32, '2023-05-05', 'FACT 39- ste socoopec-pont roulant.xlsx', 'oui', 'cheque', '2474044', '', ''),
(42, '40/2023', 33, '2023-05-05', '', '', '', '', '', ''),
(43, '41/2023', 34, '2023-05-08', 'FACT 41- STE GTI RADES.xlsx', '', '', '', '', ''),
(44, '42/2023', 34, '2023-05-08', 'FACT 42- STE GTI SOUSSE.xlsx', '', '', '', '', ''),
(45, '43/2023', 34, '2023-05-08', 'FACT 43- STE GTI SFAX.xlsx', '', '', '', '', ''),
(46, '44/2023', 35, '2023-05-12', 'FACT 44 RESTAURANT TOURISTIQUE LASTRAGALE.xlsx', '', '', '', '', ''),
(47, '45/2023', 36, '2023-05-15', '', '', '', '', '', ''),
(48, '46/2023', 27, '2023-05-15', 'FACT 46- STE GAM Z.I KRAM.xlsx', 'oui', 'cheque', '0547115', '', '25-05-2023'),
(49, '47/2023', 37, '2023-05-16', 'FACT 47 HIDROMATIQUE TUNISIA SARL.xlsx', '', '', '', '', ''),
(50, '48/2023', 38, '2023-05-16', 'FACT 48 CARRELAGES DU CAP BON.xlsx', 'oui', 'cheque', '6323579', '', '29-05-2023'),
(51, '49/2023', 39, '2023-05-17', 'FACT 49- CLINIQUE MEDIALE SOLIMAN.xlsx', 'oui', 'VIRREMENT', '', '', ''),
(52, '50/2023', 40, '2023-05-17', 'FACT 50-STE ESSYAHA RESTO.xlsx', 'oui', 'cheque', '', '', ''),
(53, '51/2023', 41, '2023-05-17', 'FACT 51-centre animation moods-gammarth.xlsx', 'oui', '', '', '', ''),
(54, '52/2023', 42, '2023-05-22', 'FACT 52- STE LDEALE LYCEE PRIVE NABEUL.xlsx', 'oui', '', '', '', '2023-05-22'),
(55, '53/2023', 43, '2023-05-23', 'FACT 53- STE  SLEIMA-BOUMHEL.xlsx', 'oui', 'cheque', '8022426', '', '2023-05-26'),
(56, '54/2023', 44, '2023-05-25', 'FACT 54 STE SOFIN PLANT.xlsx', 'oui', 'cheque', '', '', ''),
(57, '55/2023', 15, '2023-05-25', 'FACT 55- STE SOTRADIES Z.I CHARGUIA.xlsx', '', '', '', '', ''),
(58, '56/2023', 45, '2023-05-26', 'FACT 56- STE EL ALIA.xlsx', 'oui', 'cheque', '0001388', '', ''),
(59, '57/2023', 46, '2023-05-26', 'FACT 57- STE HYDROMATIQUE.xlsx', 'oui', '', '', '', ''),
(60, '58/2023', 47, '2023-05-26', 'FACT 58- STE STQ.xlsx', 'oui', 'cheque', '8486256', '', '2023-06-08'),
(61, '59/2023', 48, '2023-05-26', 'FACT 59- STE P2K NORD AFRIQUE.xlsx', 'oui', 'VIRREMENT', '', '', ''),
(62, '60/2023', 49, '2023-05-30', 'FACT 60 MEUBLENTUB.xlsx', 'oui', 'cheque', '0584386', '', ''),
(63, '61/2023', 22, '2023-06-01', '', 'oui', 'cheque', '0886392', '', ''),
(64, '62/2023', 50, '2023-06-02', 'FACT 62 STE HABIB MECHRGUI.xlsx', 'oui', 'cheque', '', '', ''),
(65, '63/2023', 51, '2023-06-06', 'FACT 63viticole bir dressen.xlsx', '', '', '', '', ''),
(66, '64/2023', 52, '2023-06-06', '', 'oui', 'cheque', '0026469', '', '2023-06-09'),
(67, '65/2023', 53, '2023-06-06', 'FACT 65-MMS FOOD.xlsx', 'oui', 'cheque', '0000060', '', ''),
(68, '66/2023', 54, '2023-06-06', 'FACT 66- STE CODEMAT.xlsx', 'oui', 'cheque', '0000919', '', ''),
(69, '67/2023', 4, '2023-06-07', 'FACT 67-GTS WIKAYA.xlsx', 'oui', 'cheque', '2075339', '', ''),
(70, '68/2023', 55, '2023-06-06', 'FACT 68- STE CENTRALE COMMERCIALE.xlsx', 'oui', 'cheque', '8263745', '', '2023-06-08'),
(71, '69/2023', 56, '2023-06-12', '', 'oui', 'cheque', '0002009', '', ''),
(72, '70/2023', 57, '2023-06-12', 'FACT 70 stdg golf yasmine hammamet.xlsx', 'oui', 'cheque', '0000425', '', ''),
(73, '71/2023', 58, '2023-06-13', 'FACT 71 STE WIKI ACADEMY.xlsx', '', '', '', '', ''),
(74, '72/2023', 59, '2023-06-13', 'FACT 72 STE BELLA COSMETIQUE.xlsx', 'oui', 'ESPES', '', '', ''),
(75, '73/2023', 32, '2023-06-14', 'FACT 73- ste socoopec-.xlsx', '', '', '', '', ''),
(76, '74/2023', 60, '2023-06-15', 'FACT 74- ste tunitek.xlsx', 'oui', 'cheque', '0004486', '', ''),
(77, '75/2023', 61, '2023-06-15', 'FACT 75- STE FIRAS DE NEGOCE INTERNATIONALE.xlsx', 'oui', 'cheque', '5205262', '', ''),
(78, '76/2023', 62, '2023-06-15', 'FACT 76 STE ILIADE CONSULTING TUNISIE.xlsx', 'oui', 'VIRREMENT', '', '', ''),
(79, '77/2023', 63, '2023-06-15', 'FACT 77- STE SOCODAL-2023.xlsx', 'oui', 'cheque', '0033563', '', ''),
(80, '78/2023', 64, '2023-06-15', 'FACT 78- STE PROLIFT ARIANA.xlsx', 'oui', 'ESPES', '', '', '2023-06-19'),
(81, '79/2023', 65, '2023-06-21', 'FACT 79- STE chimex.xlsx', 'oui', 'cheque', '0006755', '', ''),
(82, '80/2023', 62, '2023-06-21', 'FACT 80 STE ILIADE CONSULTING I.xlsx', 'oui', 'VIRREMENT', '', '', ''),
(83, '81/2023', 66, '2023-07-03', 'FACT 81 mr slaheddine hlawa-lycee jean mace.xlsx', 'oui', 'ESPES', '', '', ''),
(84, '82/2023', 67, '2023-07-03', '', '', '', '', '', ''),
(85, '83/2023', 52, '2023-07-04', 'FACT83- STE DACHSER RADES .xlsx', '', '', '', '', ''),
(86, '84/2023', 68, '2023-07-17', 'FACT 84...- hotel acqua viva.xlsx', '', '', '', '', ''),
(87, '85/2023', 69, '2023-07-18', 'FACT 85- academy americain.xlsx', 'oui', 'ESPES', '', '', ''),
(88, '86/2023', 15, '2023-07-21', 'FACT 86- STE SOTRADIES Z.I CHARGUIA.xlsx', '', '', '', '', ''),
(89, '87/2023', 27, '2023-07-21', 'FACT 87- STE GAM Z.I KRAM -.xlsx', '', '', '', '', ''),
(90, '88/2023', 70, '2023-07-21', 'FACT 88- SAMFI.xlsx', '', '', '', '', ''),
(91, '89/2023', 71, '2023-07-26', 'FACT 89 STE AFRILANCE.xlsx', 'oui', 'ESPES', '', '', ''),
(92, '90/2023', 72, '2023-08-01', 'img20230824_10253357.pdf', 'oui', 'cheque', '1250182', '', ''),
(93, '91/2023', 73, '2023-08-08', 'FACT 91- STE MEDITEC.xlsx', '', '', '', '', ''),
(94, '92/2023', 74, '2023-08-08', 'FACT 92-23-STE MSB INTER SERVICE.xlsx', '', '', '', '', ''),
(95, '93/2023', 75, '2023-08-08', 'FACT 93- STE REVOLON.xlsx', '', '', '', '', ''),
(96, '94/2023', 76, '2023-08-15', '', '', '', '', '', ''),
(98, '96/2023', 56, '2023-08-17', 'img20230824_10362465.pdf', 'oui', 'cheque', '7202343', '', ''),
(99, '97/2023', 78, '2023-07-18', 'img20230824_10371267.pdf', '', '', '', '', ''),
(100, '98/2023', 79, '2023-08-23', 'FACT 98 STE EL ANOUAR.xlsx', '', '', '', '', ''),
(101, '99/2023', 80, '2023-08-23', 'FACT 99- BBS-DAR CHAABANE.xlsx', '', '', '', '', ''),
(105, '100/2023', 83, '2023-08-30', '', NULL, NULL, NULL, NULL, NULL),
(106, '101/2023', 54, NULL, '', NULL, NULL, NULL, NULL, NULL),
(107, '01/2023', 3, '11/01/23', '', 'oui', NULL, NULL, NULL, NULL),
(108, '07/2023', 9, '03/02/2023', '', 'oui', NULL, NULL, NULL, NULL);

-- --------------------------------------------------------

--
-- Structure de la table `archiveoffre`
--

CREATE TABLE `archiveoffre` (
  `id` int(11) NOT NULL,
  `num_offre` varchar(10) DEFAULT NULL,
  `factureArchive` varchar(110) DEFAULT NULL,
  `client` int(11) DEFAULT NULL,
  `date` text DEFAULT NULL,
  `joindreOffre` varchar(250) NOT NULL
) ENGINE=InnoDB DEFAULT CHARSET=utf8mb4 COLLATE=utf8mb4_general_ci;

--
-- Déchargement des données de la table `archiveoffre`
--

INSERT INTO `archiveoffre` (`id`, `num_offre`, `factureArchive`, `client`, `date`, `joindreOffre`) VALUES
(15, '02/2023', '02/2023', 4, '2023-01-27', 'Offre téléphonique'),
(16, '03/2023', '03/2023', 5, '2023-01-30', 'Offre téléphonique'),
(17, '04/2023', '04/2023', 6, '2023-02-02', 'Offre téléphonique'),
(18, '05/2023', '05/2023', 7, '2023-02-02', 'Offre téléphonique'),
(20, '06/2023', '06/2023', 8, '2023-02-02', 'Offre téléphonique'),
(21, '07/2023', '09/2023', 9, '2023-01-18', 'off 2301-23 STE ALPHA GTI CROISSANCE.docx'),
(22, '06/2023', '06/2023', 10, '2023-02-06', 'Offre téléphonique'),
(24, '10/2023', '10/2023', 12, '2023-02-08', 'Offre téléphonique'),
(25, '11/2023', '11/2023', 13, '2023-02-08', 'Offre téléphonique'),
(26, '12/2023', '12/2023', 14, '2023-02-17', 'Offre téléphonique'),
(27, '13/2023', '13/2023', 15, '2023-02-17', 'Offre téléphonique'),
(28, '14/2023', '14/2023', 16, '2023-02-21', 'Offre téléphonique'),
(29, '15/2023', '15/2023', 17, '2023-02-24', 'Offre téléphonique'),
(30, '16/2023', '16/2023', 17, '2023-02-24', 'Offre téléphonique'),
(31, '17/2023', '17/2023', 17, '2023-02-24', 'Offre téléphonique'),
(32, '18/2023', '18/2023', 18, '2023-03-01', 'Offre téléphonique'),
(33, '19/2023', '19/2023', 19, '2023-03-01', 'Offre téléphonique'),
(34, '20/2023', '20/2023', 19, '2023-03-01', 'Offre téléphonique'),
(35, '21/2023', '21/2023', 20, '2023-03-07', 'Offre téléphonique'),
(36, '22/2023', '22/2023', 15, '2023-03-08', 'Offre téléphonique'),
(37, '23/2023', '23/2023', 21, '2023-03-08', 'Offre téléphonique'),
(38, '23/2023', '23/2023', 22, '2023-03-08', 'Offre téléphonique'),
(39, '25/2023', '25/2023', 23, '2023-03-13', 'Offre téléphonique'),
(40, '26/2023', '26/2023', 24, '2023-03-21', 'Offre téléphonique'),
(41, '27/2023', '27/2023', 24, '2023-03-21', 'Offre téléphonique'),
(42, '28/2023', '28/2023', 25, '2023-03-21', 'Offre téléphonique'),
(43, '29/2023', '29/2023', 6, '2023-03-22', 'Offre téléphonique'),
(44, '30/2023', '30/2023', 26, '2023-03-27', 'Offre téléphonique'),
(45, '31/2023', '31/2023', 15, '2023-03-27', 'Offre téléphonique'),
(46, '32/2023', '32/2023', 27, '2023-03-27', 'Offre téléphonique'),
(47, '34/2023', '34/2023', 28, '2023-04-11', 'Offre téléphonique'),
(48, '35/2023', '35/2023', 29, '2023-04-12', 'Offre téléphonique'),
(49, '36/2023', '36/2023', 30, '2023-03-10', 'off 05.23 ste MEGA PRINTING AND PACKAGING Z.I CHARGUIA.docx'),
(50, '37/2023', '37/2023', 31, '2023-03-21', 'off 07.23 ste PHILBERT TUNISIE MEGRINE.docx'),
(51, '38/2023', '38/2023', 19, '2023-05-03', 'Offre téléphonique'),
(52, '39/2023', '39/2023', 32, '2023-05-05', 'Offre téléphonique'),
(53, '40/2023', '40/2023', 33, '2023-05-05', 'Offre téléphonique'),
(54, '41/2023', '41/2023', 34, '2023-01-18', 'off 2301-23 STE ALPHA GTI CROISSANCE.docx'),
(55, '44/2023', '44/2023', 35, '2023-05-12', 'Offre téléphonique'),
(56, '45/2023', '45/2023', 36, '2023-05-15', 'Offre téléphonique'),
(57, '46/2023', '46/2023', 27, '2023-05-15', 'Offre téléphonique'),
(58, '47/2023', '47/2023', 37, '2023-05-16', 'Offre téléphonique'),
(59, '48/2023', '48/2023', 38, '2023-03-22', 'off 08.23 STE LE CARRELAGES DU CAP BON NABEUL.docx'),
(60, '49/2023', '49/2023', 39, '2023-05-17', 'Offre téléphonique'),
(61, '50/2023', '50/2023', 40, '2023-05-17', 'Offre téléphonique'),
(62, '51/2023', '51/2023', 41, '2023-05-17', 'Offre téléphonique'),
(63, '52/2023', '52/2023', 42, '2023-05-22', 'Offre téléphonique'),
(64, '53/2023', '53/2023', 43, '2023-05-19', 'ste slema.pdf'),
(65, '54/2023', '54/2023', 44, '2023-05-15', 'sofin plant.pdf'),
(66, '55/2023', '55/2023', 15, '2023-05-25', 'Offre téléphonique'),
(67, '56/2023', '56/2023', 45, '2023-05-25', 'Offre téléphonique'),
(68, '57/2023', '57/2023', 46, '2023-05-26', 'Offre téléphonique'),
(69, '58/2023', '58/2023', 47, '2023-05-26', 'Offre téléphonique'),
(70, '59/2023', '59/2023', 48, '2023-05-12', 'ste p2k.pdf'),
(71, '60/2023', '60/2023', 49, '2023-05-30', 'Offre téléphonique'),
(72, '61/2023', '61/2023', 22, '2023-06-01', 'Offre téléphonique'),
(73, '62/2023', '62/2023', 50, '2023-02-08', 'hbib mechrgui 0802-23.pdf'),
(74, '63/2023', '63/2023', 51, '2023-06-06', 'Offre téléphonique'),
(75, '64/2023', '64/2023', 52, '2023-06-06', 'Offre téléphonique'),
(76, '65/2023', '65/2023', 53, '2023-06-06', 'Offre téléphonique'),
(77, '66/2023', '66/2023', 54, '2023-06-06', 'Offre téléphonique'),
(78, '67/2023', '67/2023', 81, '2023-06-07', 'Offre téléphonique'),
(79, '68/2023', '68/2023', 55, '2023-06-06', 'Offre téléphonique'),
(80, '65/2023', '65/2023', 56, '2023-06-12', 'Offre téléphonique'),
(81, '70/2023', '70/2023', 57, '2023-06-12', 'Offre téléphonique'),
(82, '71/2023', '71/2023', 58, '2023-06-13', 'Offre téléphonique'),
(83, '72/2023', '72/2023', 59, '2023-06-13', 'Offre téléphonique'),
(84, '73/2023', '73/2023', 32, '2023-06-14', 'Offre téléphonique'),
(85, '74/2023', '74/2023', 60, '2023-06-15', 'off 0203 23 STE TUNITEK Z.I EL AGBA.docx'),
(86, '75/2023', '75/2023', 61, '2023-06-15', 'Offre téléphonique'),
(88, '76/2023', '76/2023', 62, '2023-06-15', 'Offre téléphonique'),
(89, '77/2023', '77/2023', 63, '2023-06-15', 'Offre téléphonique'),
(90, '78/2023', '78/2023', 64, '2023-06-15', 'Offre téléphonique'),
(91, '79/2023', '79/2023', 65, '2023-06-20', 'Offre téléphonique'),
(92, '80/2023', '80/2023', 62, '2023-06-21', 'Offre téléphonique'),
(93, '81/2023', '81/2023', 66, '2023-07-03', 'Offre téléphonique'),
(94, '82/2023', '82/2023', 67, '2023-07-03', 'Offre téléphonique'),
(95, '83/2023', '83/2023', 52, '2023-07-04', 'Offre téléphonique'),
(96, '84/2023', '84/2023', 68, '2023-07-17', 'Offre téléphonique'),
(97, '85/2023', '85/2023', 69, '2023-07-18', 'Offre téléphonique'),
(98, '86/2023', '86/2023', 15, '2023-07-21', 'Offre téléphonique'),
(99, '87/2023', '87/2023', 27, '2023-07-21', 'Offre téléphonique'),
(100, '88/2023', '88/2023', 70, '2023-07-21', 'Offre téléphonique'),
(101, '89/2023', '89/2023', 71, '2023-07-26', 'Offre téléphonique'),
(102, '90/2023', '90/2023', 72, '2023-08-01', 'Offre téléphonique'),
(103, '91/2023', '91/2023', 73, '2023-08-08', 'Offre téléphonique'),
(104, '92/2023', '92/2023', 74, '2023-08-08', 'Offre téléphonique'),
(105, '93/2023', '93/2023', 75, '2023-08-08', 'Offre téléphonique'),
(106, '94/2023', '94/2023', 76, '2023-08-15', 'Offre téléphonique'),
(108, '96/2023', '96/2023', 82, '2023-08-17', 'Offre téléphonique'),
(109, '97/2023', '97/2023', 78, '2023-07-23', 'Offre téléphonique'),
(110, '98/2023', '98/2023', 79, '2023-07-23', 'Offre téléphonique'),
(111, '99/2023', '99/2023', 80, '2023-08-23', 'Offre téléphonique'),
(112, '100/2023', '100/2023', 83, '2023-08-30', 'ste confort et creation100.pdf'),
(113, '101/2023', '101/2023', 54, '2023-08-31', 'ste codemat 101.pdf'),
(114, '100/2023', '100/2023', 83, '2023-08-30', 'Offre téléphonique'),
(115, '101/2023', '101/2023', 54, '2023-08-31', 'Offre téléphonique');

-- --------------------------------------------------------

--
-- Structure de la table `archive_bordereaux`
--

CREATE TABLE `archive_bordereaux` (
  `id` int(11) NOT NULL,
  `num_bordereaux` varchar(11) NOT NULL,
  `date` varchar(10) NOT NULL,
  `num_fact` varchar(10) NOT NULL,
  `pieces_jointe` text NOT NULL
) ENGINE=InnoDB DEFAULT CHARSET=utf8mb4 COLLATE=utf8mb4_general_ci;

--
-- Déchargement des données de la table `archive_bordereaux`
--

INSERT INTO `archive_bordereaux` (`id`, `num_bordereaux`, `date`, `num_fact`, `pieces_jointe`) VALUES
(4, '02/2023', '2023-01-27', '02/2023', ''),
(5, '03/2023', '2023-01-30', '03/2023', ''),
(6, '04/2023', '2023-02-02', '04/2023', ''),
(7, '05/2023', '2023-02-02', '05/2023', ''),
(8, '06/2023', '2023-02-02', '06/2023', ''),
(9, '07/2023', '2023-02-03', '09/2023', ''),
(10, '08/2023', '2023-02-06', '08/2023', ''),
(12, '10/2023', '2023-02-08', '10/2023', ''),
(13, '11/2023', '2023-02-15', '11/2023', ''),
(14, '12/2023', '2023-02-17', '12/2023', ''),
(15, '13/2023', '2023-02-17', '13/2023', ''),
(16, '14/2023', '2023-02-21', '14/2023', ''),
(17, '15/2023', '2023-02-24', '15/2023', ''),
(18, '16/2023', '2023-02-24', '16/2023', ''),
(19, '17/2023', '2023-02-24', '17/2023', ''),
(20, '18/2023', '2023-03-01', '18/2023', ''),
(21, '19/2023', '2023-03-01', '19/2023', ''),
(22, '20/2023', '2023-03-01', '20/2023', ''),
(23, '21/2023', '2023-03-07', '21/2023', ''),
(24, '22/2023', '2023-03-08', '22/2023', ''),
(25, '23/2023', '2023-03-08', '23/2023', ''),
(26, '24/2023', '2023-03-08', '24/2023', ''),
(27, '25/2023', '2023-03-13', '25/2023', ''),
(28, '26/2023', '2023-03-21', '26/2023', ''),
(29, '27/2023', '2023-03-27', '27/2023', ''),
(30, '28/2023', '2023-03-21', '28/2023', ''),
(31, '29/2023', '2023-03-22', '29/2023', ''),
(32, '30/2023', '2023-03-27', '30/2023', ''),
(33, '31/2023', '2023-03-27', '31/2023', ''),
(34, '32/2023', '2023-03-27', '32/2023', ''),
(35, '33/2023', '2023-03-28', '33/2023', ''),
(36, '34/2023', '2023-04-11', '34/2023', ''),
(37, '35/2023', '2023-04-12', '35/2023', ''),
(38, '36/2023', '2023-04-12', '36/2023', ''),
(39, '37/2023', '2023-05-02', '37/2023', ''),
(40, '38/2023', '2023-05-03', '38/2023', 'fondation bouebdelli n38.pdf'),
(41, '39/2023', '2023-05-05', '39/2023', ''),
(42, '40/2023', '2023-05-05', '40/2023', ''),
(43, '41/2023', '2023-05-05', '41/2023', ''),
(44, '42/2023', '2023-05-08', '42/2023', ''),
(45, '43/2023', '2023-05-08', '43/2023', ''),
(46, '44/2023', '2023-05-12', '44/2023', ''),
(47, '45/2023', '2023-05-15', '45/2023', ''),
(48, '46/2023', '2023-05-15', '46/2023', ''),
(49, '47/2023', '2023-05-16', '47/2023', ''),
(50, '48/2023', '2023-05-16', '48/2023', 'les carrelage du cap bon.pdf'),
(51, '49/2023', '2023-05-17', '49/2023', 'clinique mediae 49.pdf'),
(52, '50/2023', '2023-05-17', '50/2023', 'restaurant touristique srcus 50.pdf'),
(53, '51/2023', '2023-05-17', '51/2023', ''),
(54, '52/2023', '2023-05-22', '52/2023', 'ste eliade 51.pdf'),
(55, '53/2023', '2023-05-23', '53/2023', ''),
(56, '54/2023', '2023-05-25', '54/2023', 'sofin plant 54.pdf'),
(57, '55/2023', '2023-05-25', '55/2023', ''),
(58, '56/2023', '2023-05-25', '56/2023', ''),
(59, '57/2023', '2023-05-26', '57/2023', ''),
(60, '58/2023', '2023-05-26', '58/2023', ''),
(61, '59/2023', '2023-05-26', '59/2023', ''),
(62, '60/2023', '2023-05-30', '60/2023', ''),
(63, '61/2023', '2023-06-01', '61/2023', ''),
(64, '62/2023', '2023-06-02', '62/2023', ''),
(65, '63/2023', '2023-06-06', '63/2023', 'ste veticole 63.pdf'),
(66, '64/2023', '2023-06-06', '64/2023', ''),
(67, '65/2023', '2023-06-06', '65/2023', 'mms food 65.pdf'),
(68, '66/2023', '2023-06-06', '66/2023', ''),
(69, '67/2023', '2023-06-07', '67/2023', ''),
(70, '68/2023', '2023-06-06', '68/2023', 'ste centrale commerciale rue dinmar 68.pdf'),
(71, '69/2023', '2023-06-12', '69/2023', ''),
(73, '70/2023', '2023-06-12', '70/2023', ''),
(74, '71/2023', '2023-06-13', '71/2023', 'ste wiki academy 71.pdf'),
(75, '72/2023', '2023-06-13', '72/2023', 'ste bella cosmetique 72.pdf'),
(76, '73/2023', '2023-06-14', '73/2023', ''),
(77, '74/2023', '2023-06-15', '74/2023', 'tunitek 74.pdf'),
(78, '75/2023', '2023-06-15', '75/2023', ''),
(79, '76/2023', '2023-06-15', '76/2023', ''),
(80, '77/2023', '2023-06-15', '77/2023', ''),
(81, '78/2023', '2023-06-15', '78/2023', ''),
(82, '79/2023', '2023-06-20', '79/2023', ''),
(83, '80/2023', '2023-06-21', '80/2023', ''),
(84, '81/2023', '2023-07-03', '81/2023', ''),
(85, '82/2023', '2023-07-03', '82/2023', ''),
(86, '83/2023', '2023-07-04', '83/2023', ''),
(87, '84/2023', '2023-07-17', '84/2023', 'hotel aqua viva 84.pdf'),
(88, '85/2023', '2023-07-18', '85/2023', ''),
(89, '86/2023', '2023-07-21', '86/2023', ''),
(90, '87/2023', '2023-07-21', '87/2023', 'ste gam 87.pdf'),
(91, '88/2023', '2023-07-21', '88/2023', ''),
(92, '89/2023', '2023-07-26', '89/2023', 'ste afriliance 89.pdf'),
(93, '90/2023', '2023-08-01', '90/2023', 'ste trojet 90.pdf'),
(94, '91/2023', '2023-08-08', '91/2023', ''),
(95, '92/2023', '2023-08-08', '92/2023', ''),
(96, '93/2023', '2023-08-08', '93/2023', ''),
(97, '94/2023', '2023-08-15', '94/2023', ''),
(99, '96/2023', '2023-08-17', '96/2023', ''),
(100, '97/2023', '2023-08-18', '97/2023', ''),
(101, '98/2023', '2023-08-23', '98/2023', ''),
(102, '99/2023', '2023-08-23', '99/2023', ''),
(103, '100/2023', '2023-08-30', '100/2023', ''),
(104, '101/2023', '2023-08-31', '101/2023', '');

-- --------------------------------------------------------

--
-- Structure de la table `archive_reglement`
--

CREATE TABLE `archive_reglement` (
  `id` int(11) NOT NULL,
  `client` int(11) DEFAULT NULL,
  `num_fact_archive` varchar(100) DEFAULT NULL,
  `prix_ttc` varchar(100) DEFAULT NULL,
  `etat_reglement` varchar(20) DEFAULT NULL,
  `num_cheque` int(11) DEFAULT NULL,
  `date_cheque` varchar(50) DEFAULT NULL,
  `retenue_date` varchar(50) DEFAULT NULL,
  `TypeReglement` varchar(250) DEFAULT NULL
) ENGINE=InnoDB DEFAULT CHARSET=utf8mb4 COLLATE=utf8mb4_general_ci;

--
-- Déchargement des données de la table `archive_reglement`
--

INSERT INTO `archive_reglement` (`id`, `client`, `num_fact_archive`, `prix_ttc`, `etat_reglement`, `num_cheque`, `date_cheque`, `retenue_date`, `TypeReglement`) VALUES
(5, 4, '02/2023', '', 'Non', 0, '', '', NULL),
(7, 5, '03/2023', '', 'Oui', 0, '', '', 'Espèce'),
(8, 6, '04/2023', '', 'Oui', 0, '', '', ''),
(9, 7, '05/2023', '', 'Non', 0, '', '', ''),
(10, 8, '06/2023', '', 'Oui', 0, '', '', ''),
(11, 9, '09/2023', '', 'Oui', 0, '', '', ''),
(12, 10, '08/2023', '', 'Oui', 0, '', '', ''),
(15, 12, '10/2023', '', 'Oui', 0, '', '', ''),
(16, 13, '11/2023', '', 'Oui', 43965, '', '', 'Chèque'),
(17, 14, '12/2023', '', 'Non', 0, '', '', ''),
(18, 15, '13/2023', '1143.400', 'Oui', 331430, '', '', 'Chèque'),
(19, 16, '14/2023', '', 'Oui', 0, '', '', ''),
(20, 17, '15/2023', '', 'Oui', 0, '', '', ''),
(21, 17, '16/2023', '', 'Oui', 0, '', '', ''),
(22, 17, '17/2023', '', 'Oui', 0, '', '', ''),
(23, 18, '18/2023', '', 'Oui', 0, '', '', 'Espèce'),
(24, 19, '19/2023', '', 'Oui', 0, '', '2023-03-23', 'Chèque'),
(25, 19, '20/2023', '', 'Oui', 0, '', '', 'Chèque'),
(27, 15, '22/2023', '', 'Oui', 331431, '', '', 'Chèque'),
(28, 21, '23/2023', '', 'Oui', 0, '', '2023-03-23', 'Chèque'),
(29, 22, '24/2023', '', 'Oui', 0, '', '', 'Chèque'),
(30, 23, '25/2023', '', 'Oui', 0, '', '', ''),
(31, 24, '26/2023', '', 'Oui', 0, '', '', ''),
(32, 24, '27/2023', '', 'Oui', 0, '', '', ''),
(33, 25, '28/2023', '', 'Oui', 0, '', '', ''),
(34, 6, '29/2023', '', 'Oui', 2348228, '', '', 'Chèque'),
(35, 26, '30/2023', '', 'Oui', 0, '', '2023-03-27', ''),
(36, 15, '31/2023', '', 'Oui', 0, '', '', ''),
(37, 27, '32/2023', '', 'Oui', 547072, '', '2023-04-26', 'Chèque'),
(38, 27, '33/2023', '', 'Oui', 547030, '', '', 'Chèque'),
(39, 28, '34/2023', '953.000', 'Oui', 3560, '', '', 'Chèque'),
(40, 29, '35/2023', '', 'Non', 0, '', '', ''),
(41, 30, '36/2023', '', 'Oui', 0, '', '', ''),
(42, 31, '37/2023', '', 'Oui', 0, '', '2023-03-31', ''),
(43, 19, '38/2023', '', 'Oui', 109477, '', '2023-05-15', 'Chèque'),
(44, 32, '39/2023', '', 'Oui', 2474044, '', '', 'Chèque'),
(45, 33, '40/2023', '', 'Oui', 0, '', '', ''),
(46, 34, '41/2023', '', 'Non', 0, '', '', ''),
(47, 34, '42/2023', '', 'Non', 0, '', '', ''),
(48, 34, '43/2023', '', 'Non', 0, '', '', ''),
(49, 35, '44/2023', '', 'Non', 0, '', '', ''),
(50, 36, '45/2023', '', 'Non', 0, '', '', ''),
(51, 27, '46/2023', '', 'Oui', 547115, '', '2023-06-13', 'Chèque'),
(52, 37, '47/2023', '', 'Non', 0, '', '', ''),
(53, 38, '48/2023', '2886.720', 'Oui', 6323579, '', '2023-05-29', 'Chèque'),
(54, 39, '49/2023', '', 'Oui', 0, '', '', 'VIRREMENT'),
(55, 40, '50/2023', '', 'Oui', 0, '', '', 'Chèque'),
(56, 41, '51/2023', '', 'Oui', 0, '', '', ''),
(57, 42, '52/2023', '', 'Oui', 0, '', '2023-05-22', ''),
(58, 43, '53/2023', '4242.150', 'Oui', 8022426, '2023-05-26', '', 'Chèque'),
(59, 44, '54/2023', '', 'Oui', 0, '', '', ''),
(61, 3, '01/2023', '', 'Oui', 0, '', '', ''),
(62, 9, '07/2023', '', 'Oui', 0, '', '', ''),
(63, 15, '55/2023', '', 'Oui', 332215, '2023-08-22', '', 'Chèque'),
(64, 45, '56/2023', '893.500', 'Oui', 1388, '', '', 'Chèque'),
(65, 46, '57/2023', '', 'Oui', 0, '', '', ''),
(66, 47, '58/2023', '5891.490', 'Oui', 8486256, '', '', 'Chèque'),
(67, 48, '59/2023', '', 'Oui', 0, '', '', 'VIRREMENT'),
(68, 49, '60/2023', '596.000', 'Oui', 584386, '', '', 'Chèque'),
(69, 22, '61/2023', '5000.000', 'Oui', 886392, '', '', 'Chèque'),
(70, 50, '62/2023', '', 'Oui', 0, '', '', 'Chèque'),
(71, 51, '63/2023', '', 'Non', 0, '', '', ''),
(72, 52, '64/2023', '1928.800', 'Oui', 26469, '', '', 'Chèque'),
(73, 53, '65/2023', '536.500', 'Oui', 60, '', '', 'Chèque'),
(74, 54, '66/2023', '3214.000', 'Oui', 919, '', '', 'Chèque'),
(75, 4, '67/2023', '786.400', 'Oui', 2075339, '', '', 'Chèque'),
(76, 55, '68/2023', '2475.000', 'Oui', 8263745, '', '2023-06-08', 'Chèque'),
(77, 56, '69/2023', '6308.000', 'Oui', 2004, '', '', 'Chèque'),
(78, 57, '70/2023', '1191.000', 'Oui', 425, '', '', 'Chèque'),
(79, 58, '71/2023', '', 'Non', 0, '', '', ''),
(80, 59, '72/2023', '', 'Oui', 0, '', '', 'Espèce'),
(81, 32, '73/2023', '', 'Non', 0, '', '', ''),
(82, 60, '74/2023', '2773.000', 'Oui', 4486, '', '', 'Chèque');

-- --------------------------------------------------------

--
-- Structure de la table `bon_commande`
--

CREATE TABLE `bon_commande` (
  `id` int(11) NOT NULL,
  `num_bon_commande` varchar(10) NOT NULL,
  `date_bon_commande` varchar(20) NOT NULL,
  `num_offre` varchar(10) NOT NULL,
  `client` int(11) NOT NULL,
  `prix_ttc` varchar(10) NOT NULL,
  `piecejointe` varchar(100) NOT NULL
) ENGINE=InnoDB DEFAULT CHARSET=utf8mb4 COLLATE=utf8mb4_general_ci;

-- --------------------------------------------------------

--
-- Structure de la table `bordereaux`
--

CREATE TABLE `bordereaux` (
  `id` int(11) NOT NULL,
  `num_bordereaux` varchar(11) NOT NULL,
  `date` varchar(10) NOT NULL,
  `num_fact` varchar(10) NOT NULL,
  `pieces_jointe` text NOT NULL,
  `type` varchar(250) DEFAULT NULL
) ENGINE=InnoDB DEFAULT CHARSET=utf8mb4 COLLATE=utf8mb4_general_ci;

--
-- Déchargement des données de la table `bordereaux`
--

INSERT INTO `bordereaux` (`id`, `num_bordereaux`, `date`, `num_fact`, `pieces_jointe`, `type`) VALUES
(10, '102/2023', '2023-09-04', '102/2023', '', 'CERTIFECAT DEPREUVE'),
(11, '103/2023', '2023-09-04', '103/2023', '', 'Attestation'),
(12, '104/2023', '2023-09-05', '104/2023', '', 'PV DE CONTROLE');

-- --------------------------------------------------------

--
-- Structure de la table `clients`
--

CREATE TABLE `clients` (
  `id` int(11) NOT NULL,
  `type_client` varchar(200) NOT NULL,
  `convention` varchar(100) NOT NULL,
  `nom_client` varchar(200) NOT NULL,
  `code_client` varchar(11) NOT NULL,
  `adresse` text NOT NULL,
  `matriculeFiscale` varchar(100) NOT NULL,
  `exonoration` varchar(100) NOT NULL,
  `pieceExonoration` varchar(200) NOT NULL,
  `tel` varchar(200) NOT NULL,
  `email` varchar(200) NOT NULL
) ENGINE=InnoDB DEFAULT CHARSET=utf8mb4 COLLATE=utf8mb4_general_ci;

--
-- Déchargement des données de la table `clients`
--

INSERT INTO `clients` (`id`, `type_client`, `convention`, `nom_client`, `code_client`, `adresse`, `matriculeFiscale`, `exonoration`, `pieceExonoration`, `tel`, `email`) VALUES
(3, 'passager', '', 'STE la stella del pulito', 'TPC_23/1', 'Mnihla', '1772995E/P/M/000', 'non', '', '', ''),
(4, 'passager', '', 'STE GTS WIKAYA', 'TPC_23/2', 'CITE ETTAHRIR', '1213544/TAE/001', 'non', '', '', ''),
(5, 'passager', '', 'STE ZKK', 'TPC_23/3', 'AVENUE FARHAT HACHED KORBA', '', 'oui', '', '', ''),
(6, 'passager', '', 'STE PARETEC', 'TPC_23/4', 'OUARDIA TUNIS', '', 'non\r\n', '', '', ''),
(7, 'passager', '', 'STE MAGHREB REVETEMENT', 'TPC_23/5', 'ZONE PETROLIERE DE RADES', '496668S', 'non', '', '', ''),
(8, 'passager', '', 'STE LA SOURCE', 'TPC_23/6', 'IMM SPRIC(SAAD) tour CDB.19 ET20', '943901ZAM000', 'non', '', '', ''),
(9, 'passager', '', 'STE ALPHA GTI CROISSANCE', 'TPC_23/7', 'ZI JBEL OUEST', '1028545 JMA 000', 'non', '', '', ''),
(10, 'passager', '', 'STE OLICARPO', 'TPC_23/8', 'HENCHIR DHNIBA JEDEIDA', '1606557H/A/M/000', 'non', '', '', ''),
(12, 'passager', '', 'STE SMILE COMNICATION', 'TPC_23/10', 'MONPLAISIR', '1326402E/AM/000', 'non', '', '', ''),
(13, 'passager', '', 'ASSURANCE MAGHEREBIA', 'TPC_23/11', 'RUE DE PALESTINE TUNIS', '', 'non', '', '', ''),
(14, 'passager', '', 'STE SIPAH', 'TPC_23/12', 'SIDI BOUSAID', '', 'non', '', '', ''),
(15, 'passager', '', 'STE SOTRADIES', 'TPC_23/13', 'Z.I CHARGUIA', '', 'non', '', '', ''),
(16, 'passager', '', 'STE VECTEUR', 'TPC_23/14', 'KSAR SAID', '', 'non', '', '', ''),
(17, 'passager', '', 'STE OFFICE PLAST', 'TPC_23/15', 'Z.I MEDJEZ EL BAB', '', 'non', '', '', ''),
(18, 'passager', '', 'ECOLE INTERNATIONAL FRANCAISE', 'TPC_23/16', 'MENZAH1', '', 'non', '', '', ''),
(19, 'passager', '', 'FONDATION UNIVERSITAIRE BOUEBDELLI', 'TPC_23/17', 'TUNIS', '', 'non', '', '', ''),
(20, 'passager', '', 'STE CAP BON', 'TPC_23/18', 'SIDI DHAHER BOUARGOUB NABEUL', '', 'non', '', '', ''),
(21, 'passager', '', 'STE NOUVELLE CLINIQUE DE PARC', 'TPC_23/19', '3 RUE HOOKER DOOLITTLE TUNIS', '296357RAM000', 'non', '', '', ''),
(22, 'passager', '', 'STE SOTITHER', 'TPC_23/20', 'Z.I KSAR SAID', '', 'non', '', '', ''),
(23, 'passager', '', 'STE LES HERIYTIERS VELLA AFRIC AUTO', 'TPC_23/21', 'Z.I CHARGUIA TUNIS CARTHAGE', '0765640AAM000', 'non', '', '', ''),
(24, 'passager', '', 'ENTREPRISE DE CONSTRUCTION METALIQUE ET ENTRETIEN', 'TPC_23/22', 'AV HEDI NOUIRA RADES', '0011839C/A/M 000', 'non', '', '', ''),
(25, 'passager', '', 'STE ITCV', 'TPC_23/23', 'ROUTE CHINOISE MNIHLA', '', 'non', '', '', ''),
(26, 'passager', '', 'STE PM ELCOM', 'TPC_23/24', 'MHAMDIA BEN AROUS', '0965700 L/AM/000', 'non', '', '', ''),
(27, 'passager', '', 'STE GAM', 'TPC_23/25', 'Z.I KRAM', '', 'non', '', '', ''),
(28, 'passager', '', 'STE TUNIMATEC', 'TPC_23/26', '58 AVENUE DE CARTHAGE YUNIS', '', 'non', '', '', ''),
(29, 'passager', '', 'STE DISA TRADING', 'TPC_23/27', 'BOUMHAL BEN AROUS', '', 'non', '', '', ''),
(30, 'passager', '', 'STE MEGA PRINTING PACKAGING', 'TPC_23/28', 'Z.I CHARGUIA 1', '', 'non', '', '0510712Q/AM/000', ''),
(31, 'passager', '', 'STE PHILBERT TUNISIE', 'TPC_23/29', 'AV HBIB BOURGUIBA MEGRINE', '', 'non', '', '', ''),
(32, 'passager', '', 'STE SOCOOPEC', 'TPC_23/30', '66 AVENUE DE CARTHAGE', '', 'non', '', '001395PAM000', ''),
(33, 'passager', '', 'STE CIVILE IMMOBILIERE DU SUD', 'TPC_23/31', 'MENZEH 5', '', 'non', '', '', ''),
(34, 'passager', '', 'STE GTI ', 'TPC_23/32', 'RADES', '', '', '', '', ''),
(35, 'passager', '', 'RESTAURANT TOURISTIQUE L\'ASTRAGALE', 'TPC_23/33', '15 AVENUE CHARNICOLE CITY JARDIN', '012467YAM000', 'non', '', '', ''),
(36, 'passager', '', 'PROTHESIR DENTAIRE', 'TPC_23/34', '9 FARHAT HACHED BARDO', '', 'non', '', '', ''),
(37, 'passager', '', 'HIDROMATIQUE TUNISIA SARL', 'TPC_23/35', 'Z.I KSAR SAID', '', 'non', '', '', ''),
(38, 'passager', '', 'LES CARRELAGES DU CAP BON', 'TPC_23/36', '187 AV HBIB BOURGUIBA NABEUL', '', 'non', '', '', ''),
(39, 'passager', '', 'CLINIQUE MEDIALE', 'TPC_23/37', 'CITE 1 JUIN SOLIMANE', '', 'non', '', '', ''),
(40, 'passager', '', 'STE ESSYAHA RESTO', 'TPC_23/38', 'ARIANA', '', 'non', '', '', ''),
(41, 'passager', '', 'STE MOODS', 'TPC_23/39', 'ZONE TOURISTIQUE GAMMARTH', '', 'non', '', '', ''),
(42, 'passager', '', 'STE LIDEALE NABEUL LYCEE PRIVE', 'TPC_23/40', 'NABEUL', '1423920 R/AM/000', 'non', '', '', ''),
(43, 'passager', '', 'STE SLEIMA', 'TPC_23/41', 'RUE MED ENNAJAR BOUMHEL', '', 'non', '', '', ''),
(44, 'passager', '', 'STE SOFIN PLANT', 'TPC_23/42', '152 AV OTHMEN IBN AFFEN MENZAH 6 ARIANA', '', 'oui', 'img20230816_12591078.pdf', '', ''),
(45, 'passager', '', 'STE EL ALIA', 'TPC_23/43', 'LES JARDINS DU LAC', '', 'non', '', '', ''),
(46, 'passager', '', 'STE HEDROMATIC', 'TPC_23/44', 'Z.I DOUAR HICHER', '', 'non', '', '', ''),
(47, 'passager', '', 'STE STQ', 'TPC_23/45', 'BEN AROUS', '2598 DAM 000', 'non', '', '', ''),
(48, 'passager', '', 'STE P2K NORD AFRIQUE', 'TPC_23/46', 'Z.I MGHIRA2-TUNIS', '', 'oui', 'img20230816_13245042.pdf', '', ''),
(49, 'passager', '', 'MEUBLENTUB', 'TPC_23/47', 'Z.I CHARGUIA', '', 'non', '', '', ''),
(50, 'passager', '', 'STE HABIB MECHRGUI', 'TPC_23/48', 'JENDOUBA', '', 'non', '', '', ''),
(51, 'passager', '', 'STE VETICOLE', 'TPC_23/49', 'BIR DRESSEN', '9904 Y/M/P/000', 'non', '', '', ''),
(52, 'passager', '', 'STE DACHSER', 'TPC_23/50', 'ZONE PORTUAIRE DE RADES', '', 'non', '', '', ''),
(53, 'passager', '', 'MMS FOOD', 'TPC_23/51', 'RESIDENCE PALMIER LAC2', '', 'non', '', '', ''),
(54, 'passager', '', 'STE CODEMAT', 'TPC_23/52', 'AV DE CARTHAGE TUNIS', '', 'non', '', '', ''),
(55, 'passager', '', 'STE CENTRALE COMMERCIALE RUE DINMARK TUNIS', 'TPC_23/53', 'LES BERGES DU LAC 2', '1193881W(P)P004', 'non', '', '', ''),
(56, 'passager', '', 'STE CFI AFRICA', 'TPC_23/54', 'Z.I EL AGBA', '', 'non', '', '', ''),
(57, 'passager', '', 'STDG GOLF YASMINE HAMMAMET', 'TPC_23/55', 'HAMMAMET', '038244W/AM/000', 'non', '', '', ''),
(58, 'passager', '', 'STE WIKI ACADEMY', 'TPC_23/56', 'LES BERGES DU LAC 1 TUNIS', '1619264 Q/A/M/000', 'non', '', '', ''),
(59, 'passager', '', 'STE BELLA COSMETIQUE', 'TPC_23/57', 'Z.I KSAR SAID MANOUBA', '', 'oui', 'img20230816_13254762.pdf', '', ''),
(60, 'passager', '', 'STE TUNITEK', 'TPC_23/58', 'Z.I EL AGBA', '', 'oui', 'img20230816_13245042.pdf', '', ''),
(61, 'passager', '', 'STE FIRAS DE NIGOS INTERNATIONALE', 'TPC_23/59', 'RUE ALI DARGHOUTH TUNIS', '0983688 LAM 000', 'non', '', '', ''),
(62, 'passager', '', 'STE ILIADE CONSULTING TUNISIE', 'TPC_23/60', 'LES BERGES DU LAC 1 TUNIS', '1275591Q/A/M/000', 'non', '', '', ''),
(63, 'passager', '', 'STE SOCODAL', 'TPC_23/61', 'DAR ALLOUCH KELIBIA', '', 'non', '', '', ''),
(64, 'passager', '', 'STE PROLIFT', 'TPC_23/62', 'ARIANA', '1242556 KBM 000', 'non', '', '', ''),
(65, 'passager', '', 'CHIMEX', 'TPC_23/63', 'RADES', '', 'non', '', '', ''),
(66, 'passager', '', 'MR SLAHEDDINE HLAWA', 'TPC_23/64', '63 RUE PLATON Z.I EL KRAM', '', 'non', '', '', ''),
(67, 'passager', '', 'STE GRAFIA', 'TPC_23/65', 'LAC3 TUNIS', '', 'non', '', '', ''),
(68, 'passager', '', 'HOTEL AQUA VIVA', 'TPC_23/66', 'Z.TOURISTIQUE GAMMARTH', '', 'non', '', '', ''),
(69, 'passager', '', 'ACADEMY AMERICAINE TUNISIENNE DE TOURISME', 'TPC_23/67', '9 RUE NEW DELHI BELVEDERE', '164704 OH', 'non', '', '', ''),
(70, 'passager', '', 'SAMFI', 'TPC_23/68', 'ROUTE DE SOUSSE KM14 EZZAHRA', '', 'non', '', '', ''),
(71, 'passager', '', 'STE AFRILANCE ', 'TPC_23/69', 'RUE DE CAP BON NABEUL', '', 'non', '', '', ''),
(72, 'passager', '', 'STE TROJET DE PROD DES DERIVES LAITERS', 'TPC_23/70', 'BIRINE', '', 'non', '', '', ''),
(73, 'passager', '', 'STE MEDITEC', 'TPC_23/71', 'KM13 MORNAGUIA', '700202300064', 'oui', 'img20230824_12042457.pdf', '', ''),
(74, 'passager', '', 'STE MSB INTER SERVICES', 'TPC_23/72', 'MENZEH 5 TUNIS', '', 'non', '', '', ''),
(75, 'passager', '', 'STE REVOLON', 'TPC_23/73', '92 AV DE CARTHAGE TUNIS', '', 'non', '', '', ''),
(76, 'passager', '', 'STE TOURISME ET HOTELLERIE HOTEL LE SULTAN', 'TPC_23/74', 'HAMMAMET', '0012732 WAM 000', 'non', '', '', ''),
(77, 'passager', '', '\"\"', 'TPC_23/75', 'sss', '', '', '', '', ''),
(78, 'passager', '', 'CFP UPSILON COLLEGE DE PARIS', 'TPC_23/76', 'MONTPLAISIR', '1768493G', 'non', '', '', ''),
(79, 'passager', '', 'STE EL ANOUAR EXPRESS', 'TPC_23/77', 'DAR CHAABEN EL FEHRI', '907970IVIP000', 'non', '', '', ''),
(80, 'passager', '', 'STE BEST BROTHER SHOES BBS', 'TPC_23/78', 'DAR CHAABAN NABEUL', '', 'oui', '', '', ''),
(81, 'passager', '', 'GTS WIKAYA', 'TPC_23/79', 'RUE TURKIE', '757966CAM000', 'non', '', '', ''),
(82, 'passager', '', 'STE CFI TRAIDING', 'TPC_23/80', 'Z.I EL AGBA', '', 'non', '', '', ''),
(83, 'passager', '', 'STE CONFORT ET CREATION AV HBIB BOURGUIBA HAMMAMET', 'TPC_23/81', 'AV HBIB BOURGUIBA HAMMAMET', '', 'non', '', '', ''),
(84, 'passager', '', 'STE TUNISIENNE DE QUINCAILLERIE', 'TPC_23/82', 'NOUVELLE ZI BEN AROUS TUNISIE', '', 'non', '', '', ''),
(85, 'passager', '', 'ECOLE PRIMAIRE RIAHI', 'TPC_23/83', '30 AV HBIB BOURGUIBA MANOUBA', '1805937/A', '', '', '', ''),
(86, 'passager', '', 'STE GLOBAL DISPLAY SOLUTION TUNISIA', 'TPC_23/84', 'ROUTE EL FAJJA KM2 MORNAGUIA', '1890953 PAM 000', 'oui', '', '', ''),
(87, 'passager', '', 'STE DISTRIFROID', 'TPC_23/85', 'TUNIS', '', '', '', '', ''),
(88, 'passager', '', 'COTUD ACHRAF CHERIF', 'TPC_23/86', '43 RUE ALI DARGHOUTH TUNIS', '867323 HAC 000', 'non', '', '', ''),
(89, 'passager', '', 'STE CTL', 'TPC_23/87', 'GROMBELIA', '', '', '', '', ''),
(90, 'passager', 'non', 'STE FOOD TUNISIE', 'TPC_23/88', 'BORJ CEDRIA', '', 'non', '', '', '');

-- --------------------------------------------------------

--
-- Structure de la table `facture`
--

CREATE TABLE `facture` (
  `id` int(11) NOT NULL,
  `num_fact` varchar(10) DEFAULT NULL,
  `client` int(11) DEFAULT NULL,
  `numboncommande` varchar(200) DEFAULT NULL,
  `date` text DEFAULT NULL,
  `reglement` varchar(250) DEFAULT NULL
) ENGINE=InnoDB DEFAULT CHARSET=utf8mb4 COLLATE=utf8mb4_general_ci;

--
-- Déchargement des données de la table `facture`
--

INSERT INTO `facture` (`id`, `num_fact`, `client`, `numboncommande`, `date`, `reglement`) VALUES
(57, '102/2023', 84, '', '2023-09-04', 'oui'),
(59, '103/2023', 85, '', '2023-09-04', 'oui'),
(70, '104/2023', 87, '', '2023-09-05', 'oui'),
(79, '105/2023', 88, '12/04/2023', '2023-09-05', 'oui');

-- --------------------------------------------------------

--
-- Structure de la table `facture_projets`
--

CREATE TABLE `facture_projets` (
  `id_Projets_Facture` int(11) NOT NULL,
  `facture` varchar(10) NOT NULL,
  `prix_unit_htv` varchar(100) DEFAULT NULL,
  `qte` varchar(100) DEFAULT NULL,
  `tva` varchar(200) DEFAULT NULL,
  `remise` varchar(200) DEFAULT NULL,
  `prixForfitaire` varchar(200) DEFAULT NULL,
  `prixTTC` varchar(200) DEFAULT NULL,
  `projet` int(11) DEFAULT NULL,
  `adresseClient` varchar(250) DEFAULT NULL
) ENGINE=InnoDB DEFAULT CHARSET=utf8mb4 COLLATE=utf8mb4_general_ci;

--
-- Déchargement des données de la table `facture_projets`
--

INSERT INTO `facture_projets` (`id_Projets_Facture`, `facture`, `prix_unit_htv`, `qte`, `tva`, `remise`, `prixForfitaire`, `prixTTC`, `projet`, `adresseClient`) VALUES
(210, '102/2023', '6', '250', '19', '', '', '', 6, ''),
(243, '103/2023', '350.000', '1', '19', '', '', '', 11, ''),
(246, '104/2023', '83.950', '10', '19', '', '', '', 36, ''),
(247, '105/2023', '13.560', '59', '19', '', '', '', 10, '');

-- --------------------------------------------------------

--
-- Structure de la table `offres_projets`
--

CREATE TABLE `offres_projets` (
  `id_Projets_Offre` int(11) NOT NULL,
  `offre` varchar(100) NOT NULL,
  `prix_unit_htv` varchar(100) DEFAULT NULL,
  `qte` varchar(100) DEFAULT NULL,
  `tva` varchar(200) DEFAULT NULL,
  `remise` varchar(200) DEFAULT NULL,
  `prixForfitaire` varchar(200) DEFAULT NULL,
  `prixTTC` varchar(200) DEFAULT NULL,
  `projet` int(11) DEFAULT NULL
) ENGINE=InnoDB DEFAULT CHARSET=utf8mb4 COLLATE=utf8mb4_general_ci;

--
-- Déchargement des données de la table `offres_projets`
--

INSERT INTO `offres_projets` (`id_Projets_Offre`, `offre`, `prix_unit_htv`, `qte`, `tva`, `remise`, `prixForfitaire`, `prixTTC`, `projet`) VALUES
(82, '104/2023', '80.919', '10', '19', '', '', '', 36),
(83, '102/2023', '6', '250', '19', NULL, NULL, NULL, 6),
(84, '103/2023', '350.000', '1', '19', NULL, NULL, NULL, 11),
(86, '04-09-23', '800.000', '1', '19', '', '', '', 11),
(87, '04-09-23', '150.000', '2', '19', '', '', '', 15),
(88, '04-09-23', '800.000', '1', '19', '', '', '', 20),
(89, '04-09-23', '150.000', '2', '19', '', '', '', 26),
(93, '105/2023', '13.560', '59', '19', '', '', '', 10),
(102, '06-09-2023', '300.000', '1', '19', '', '', '', 11),
(103, '06-09-2023', '300.000', '1', '19', '', '', '', 20),
(104, '06-09-2023', '300.000', '1', '19', '', '', '', 22),
(105, '06-09-2023', '300.000', '1', '19', '', '', '', 37);

-- --------------------------------------------------------

--
-- Structure de la table `offre_prix`
--

CREATE TABLE `offre_prix` (
  `id_offre` int(11) NOT NULL,
  `num_offre` varchar(20) NOT NULL,
  `date` varchar(20) NOT NULL,
  `client` int(20) NOT NULL
) ENGINE=InnoDB DEFAULT CHARSET=utf8mb4 COLLATE=utf8mb4_general_ci;

--
-- Déchargement des données de la table `offre_prix`
--

INSERT INTO `offre_prix` (`id_offre`, `num_offre`, `date`, `client`) VALUES
(68, '102/2023', '2023-09-04', 84),
(69, '103/2023', '2023-09-04', 85),
(70, '104/2023', '2023-09-05', 87),
(74, '04-09-23', '2023-09-04', 89),
(82, '105/2023', '2023-09-05', 88),
(87, '06-09-2023', '2023-09-06', 90);

-- --------------------------------------------------------

--
-- Structure de la table `projet`
--

CREATE TABLE `projet` (
  `id` int(11) NOT NULL,
  `classement` varchar(350) NOT NULL
) ENGINE=InnoDB DEFAULT CHARSET=utf8mb4 COLLATE=utf8mb4_general_ci;

--
-- Déchargement des données de la table `projet`
--

INSERT INTO `projet` (`id`, `classement`) VALUES
(1, 'chaudière à vapeur'),
(2, 'chaudière à eau chaude'),
(3, 'autoclave vapeur'),
(4, 'recepions vapeur'),
(5, 'extincteur mobile'),
(6, 'réservoir air comprimé'),
(8, 'bouteille d\'extinction'),
(9, 'bouteille d\'extinction'),
(10, 'compresseur'),
(11, 'installation électrique '),
(12, 'groupe électrogène'),
(13, 'ascenseur'),
(14, 'monte charge'),
(15, 'chariot élévateur'),
(16, 'nacelle'),
(17, 'transpalette'),
(18, 'pont roulant'),
(19, 'rolons électrique'),
(20, 'sécurité incendie'),
(21, 'RIA'),
(22, 'Détection incendie'),
(23, 'Désenfumage'),
(24, 'installation gaz'),
(25, 'poste de détente gaz'),
(26, 'gerbeur'),
(35, 'Expertise ascenseur'),
(36, 'RESERVOIR DE FREON'),
(37, 'DETECTION AUTOMATIQUE GAZ');

-- --------------------------------------------------------

--
-- Structure de la table `reglement`
--

CREATE TABLE `reglement` (
  `id` int(11) NOT NULL,
  `client` int(11) DEFAULT NULL,
  `num_fact` varchar(100) DEFAULT NULL,
  `prix_ttc` varchar(100) DEFAULT NULL,
  `etat_reglement` varchar(20) DEFAULT NULL,
  `num_cheque` int(11) DEFAULT NULL,
  `date_cheque` varchar(50) DEFAULT NULL,
  `retenue_date` varchar(50) DEFAULT NULL,
  `TypeReglement` varchar(250) DEFAULT NULL
) ENGINE=InnoDB DEFAULT CHARSET=utf8mb4 COLLATE=utf8mb4_general_ci;

--
-- Déchargement des données de la table `reglement`
--

INSERT INTO `reglement` (`id`, `client`, `num_fact`, `prix_ttc`, `etat_reglement`, `num_cheque`, `date_cheque`, `retenue_date`, `TypeReglement`) VALUES
(2, 84, '102/2023', '1143.400', 'Non', 0, '', '', NULL),
(4, 85, '103/2023', '', 'oui', 0, '', '', ''),
(5, 87, '104/2023', '', 'oui', 7125487, '2023-07-13', '', ''),
(6, 88, '105/2023', '953.048', 'oui', 2406961, '2023-09-06', '', '');

--
-- Index pour les tables déchargées
--

--
-- Index pour la table `archivebon_commande`
--
ALTER TABLE `archivebon_commande`
  ADD PRIMARY KEY (`id`),
  ADD UNIQUE KEY `num_bon_commande` (`num_bon_commande`),
  ADD KEY `client` (`client`);

--
-- Index pour la table `archivefacture`
--
ALTER TABLE `archivefacture`
  ADD PRIMARY KEY (`id`),
  ADD KEY `client` (`client`),
  ADD KEY `num_fact` (`num_fact`);

--
-- Index pour la table `archiveoffre`
--
ALTER TABLE `archiveoffre`
  ADD PRIMARY KEY (`id`),
  ADD KEY `client` (`factureArchive`),
  ADD KEY `factureArchive` (`factureArchive`),
  ADD KEY `client_2` (`client`);

--
-- Index pour la table `archive_bordereaux`
--
ALTER TABLE `archive_bordereaux`
  ADD PRIMARY KEY (`id`),
  ADD KEY `num_fact` (`num_fact`);

--
-- Index pour la table `archive_reglement`
--
ALTER TABLE `archive_reglement`
  ADD PRIMARY KEY (`id`),
  ADD KEY `client` (`client`,`num_fact_archive`),
  ADD KEY `num_fact_archive` (`num_fact_archive`);

--
-- Index pour la table `bon_commande`
--
ALTER TABLE `bon_commande`
  ADD PRIMARY KEY (`id`),
  ADD KEY `num_offre` (`num_offre`),
  ADD KEY `num_offre_2` (`num_offre`),
  ADD KEY `prix_ttc` (`prix_ttc`),
  ADD KEY `num_bon_commande` (`num_bon_commande`),
  ADD KEY `projet` (`client`);

--
-- Index pour la table `bordereaux`
--
ALTER TABLE `bordereaux`
  ADD PRIMARY KEY (`id`),
  ADD KEY `num_fact` (`num_fact`),
  ADD KEY `num_fact_2` (`num_fact`),
  ADD KEY `num_fact_3` (`num_fact`);

--
-- Index pour la table `clients`
--
ALTER TABLE `clients`
  ADD PRIMARY KEY (`id`),
  ADD KEY `matriculeFiscale` (`matriculeFiscale`),
  ADD KEY `clent` (`nom_client`(191));

--
-- Index pour la table `facture`
--
ALTER TABLE `facture`
  ADD PRIMARY KEY (`id`),
  ADD UNIQUE KEY `num_fact_2` (`num_fact`),
  ADD KEY `client` (`client`),
  ADD KEY `numboncommande` (`numboncommande`(191)),
  ADD KEY `num_fact` (`num_fact`);

--
-- Index pour la table `facture_projets`
--
ALTER TABLE `facture_projets`
  ADD PRIMARY KEY (`id_Projets_Facture`),
  ADD KEY `facture` (`facture`,`projet`),
  ADD KEY `projet` (`projet`),
  ADD KEY `facture_2` (`facture`),
  ADD KEY `projet_2` (`projet`);

--
-- Index pour la table `offres_projets`
--
ALTER TABLE `offres_projets`
  ADD PRIMARY KEY (`id_Projets_Offre`),
  ADD KEY `offre` (`offre`),
  ADD KEY `projet` (`projet`);

--
-- Index pour la table `offre_prix`
--
ALTER TABLE `offre_prix`
  ADD PRIMARY KEY (`id_offre`),
  ADD UNIQUE KEY `num_offre_3` (`num_offre`),
  ADD KEY `client` (`client`),
  ADD KEY `client_2` (`client`),
  ADD KEY `client_3` (`client`),
  ADD KEY `num_offre` (`num_offre`),
  ADD KEY `client_4` (`client`),
  ADD KEY `client_5` (`client`),
  ADD KEY `num_offre_2` (`num_offre`);

--
-- Index pour la table `projet`
--
ALTER TABLE `projet`
  ADD PRIMARY KEY (`id`);

--
-- Index pour la table `reglement`
--
ALTER TABLE `reglement`
  ADD PRIMARY KEY (`id`),
  ADD KEY `client` (`client`),
  ADD KEY `num_fact` (`num_fact`);

--
-- AUTO_INCREMENT pour les tables déchargées
--

--
-- AUTO_INCREMENT pour la table `archivebon_commande`
--
ALTER TABLE `archivebon_commande`
  MODIFY `id` int(11) NOT NULL AUTO_INCREMENT, AUTO_INCREMENT=106;

--
-- AUTO_INCREMENT pour la table `archivefacture`
--
ALTER TABLE `archivefacture`
  MODIFY `id` int(11) NOT NULL AUTO_INCREMENT, AUTO_INCREMENT=109;

--
-- AUTO_INCREMENT pour la table `archiveoffre`
--
ALTER TABLE `archiveoffre`
  MODIFY `id` int(11) NOT NULL AUTO_INCREMENT, AUTO_INCREMENT=116;

--
-- AUTO_INCREMENT pour la table `archive_bordereaux`
--
ALTER TABLE `archive_bordereaux`
  MODIFY `id` int(11) NOT NULL AUTO_INCREMENT, AUTO_INCREMENT=105;

--
-- AUTO_INCREMENT pour la table `archive_reglement`
--
ALTER TABLE `archive_reglement`
  MODIFY `id` int(11) NOT NULL AUTO_INCREMENT, AUTO_INCREMENT=83;

--
-- AUTO_INCREMENT pour la table `bon_commande`
--
ALTER TABLE `bon_commande`
  MODIFY `id` int(11) NOT NULL AUTO_INCREMENT, AUTO_INCREMENT=3;

--
-- AUTO_INCREMENT pour la table `bordereaux`
--
ALTER TABLE `bordereaux`
  MODIFY `id` int(11) NOT NULL AUTO_INCREMENT, AUTO_INCREMENT=14;

--
-- AUTO_INCREMENT pour la table `clients`
--
ALTER TABLE `clients`
  MODIFY `id` int(11) NOT NULL AUTO_INCREMENT, AUTO_INCREMENT=91;

--
-- AUTO_INCREMENT pour la table `facture`
--
ALTER TABLE `facture`
  MODIFY `id` int(11) NOT NULL AUTO_INCREMENT, AUTO_INCREMENT=92;

--
-- AUTO_INCREMENT pour la table `facture_projets`
--
ALTER TABLE `facture_projets`
  MODIFY `id_Projets_Facture` int(11) NOT NULL AUTO_INCREMENT, AUTO_INCREMENT=248;

--
-- AUTO_INCREMENT pour la table `offres_projets`
--
ALTER TABLE `offres_projets`
  MODIFY `id_Projets_Offre` int(11) NOT NULL AUTO_INCREMENT, AUTO_INCREMENT=139;

--
-- AUTO_INCREMENT pour la table `offre_prix`
--
ALTER TABLE `offre_prix`
  MODIFY `id_offre` int(11) NOT NULL AUTO_INCREMENT, AUTO_INCREMENT=100;

--
-- AUTO_INCREMENT pour la table `projet`
--
ALTER TABLE `projet`
  MODIFY `id` int(11) NOT NULL AUTO_INCREMENT, AUTO_INCREMENT=38;

--
-- AUTO_INCREMENT pour la table `reglement`
--
ALTER TABLE `reglement`
  MODIFY `id` int(11) NOT NULL AUTO_INCREMENT, AUTO_INCREMENT=12;

--
-- Contraintes pour les tables déchargées
--

--
-- Contraintes pour la table `archivebon_commande`
--
ALTER TABLE `archivebon_commande`
  ADD CONSTRAINT `archivebon_commande_ibfk_1` FOREIGN KEY (`client`) REFERENCES `clients` (`id`) ON DELETE CASCADE ON UPDATE CASCADE;

--
-- Contraintes pour la table `archivefacture`
--
ALTER TABLE `archivefacture`
  ADD CONSTRAINT `archivefacture_ibfk_1` FOREIGN KEY (`client`) REFERENCES `clients` (`id`) ON DELETE CASCADE ON UPDATE CASCADE;

--
-- Contraintes pour la table `archiveoffre`
--
ALTER TABLE `archiveoffre`
  ADD CONSTRAINT `archiveoffre_ibfk_1` FOREIGN KEY (`factureArchive`) REFERENCES `archivefacture` (`num_fact`) ON DELETE CASCADE ON UPDATE CASCADE,
  ADD CONSTRAINT `archiveoffre_ibfk_2` FOREIGN KEY (`client`) REFERENCES `clients` (`id`) ON DELETE CASCADE ON UPDATE CASCADE;

--
-- Contraintes pour la table `archive_bordereaux`
--
ALTER TABLE `archive_bordereaux`
  ADD CONSTRAINT `archive_bordereaux_ibfk_1` FOREIGN KEY (`num_fact`) REFERENCES `archivefacture` (`num_fact`) ON DELETE CASCADE ON UPDATE CASCADE;

--
-- Contraintes pour la table `archive_reglement`
--
ALTER TABLE `archive_reglement`
  ADD CONSTRAINT `archive_reglement_ibfk_1` FOREIGN KEY (`client`) REFERENCES `clients` (`id`) ON DELETE CASCADE ON UPDATE CASCADE,
  ADD CONSTRAINT `archive_reglement_ibfk_2` FOREIGN KEY (`num_fact_archive`) REFERENCES `archivefacture` (`num_fact`) ON DELETE CASCADE ON UPDATE CASCADE;

--
-- Contraintes pour la table `bon_commande`
--
ALTER TABLE `bon_commande`
  ADD CONSTRAINT `bon_commande_ibfk_1` FOREIGN KEY (`num_offre`) REFERENCES `offre_prix` (`num_offre`) ON DELETE CASCADE ON UPDATE CASCADE,
  ADD CONSTRAINT `bon_commande_ibfk_2` FOREIGN KEY (`client`) REFERENCES `clients` (`id`) ON DELETE CASCADE ON UPDATE CASCADE;

--
-- Contraintes pour la table `bordereaux`
--
ALTER TABLE `bordereaux`
  ADD CONSTRAINT `bordereaux_ibfk_1` FOREIGN KEY (`num_fact`) REFERENCES `facture` (`num_fact`) ON DELETE CASCADE ON UPDATE CASCADE;

--
-- Contraintes pour la table `facture`
--
ALTER TABLE `facture`
  ADD CONSTRAINT `facture_ibfk_1` FOREIGN KEY (`client`) REFERENCES `clients` (`id`) ON DELETE CASCADE ON UPDATE CASCADE;

--
-- Contraintes pour la table `facture_projets`
--
ALTER TABLE `facture_projets`
  ADD CONSTRAINT `facture_projets_ibfk_1` FOREIGN KEY (`facture`) REFERENCES `facture` (`num_fact`) ON DELETE CASCADE ON UPDATE CASCADE,
  ADD CONSTRAINT `facture_projets_ibfk_2` FOREIGN KEY (`projet`) REFERENCES `projet` (`id`) ON DELETE CASCADE ON UPDATE CASCADE;

--
-- Contraintes pour la table `offres_projets`
--
ALTER TABLE `offres_projets`
  ADD CONSTRAINT `offres_projets_ibfk_1` FOREIGN KEY (`offre`) REFERENCES `offre_prix` (`num_offre`) ON DELETE CASCADE ON UPDATE CASCADE,
  ADD CONSTRAINT `offres_projets_ibfk_2` FOREIGN KEY (`projet`) REFERENCES `projet` (`id`) ON DELETE CASCADE ON UPDATE CASCADE;

--
-- Contraintes pour la table `offre_prix`
--
ALTER TABLE `offre_prix`
  ADD CONSTRAINT `offre_prix_ibfk_1` FOREIGN KEY (`client`) REFERENCES `clients` (`id`) ON DELETE CASCADE ON UPDATE CASCADE;

--
-- Contraintes pour la table `reglement`
--
ALTER TABLE `reglement`
  ADD CONSTRAINT `reglement_ibfk_1` FOREIGN KEY (`num_fact`) REFERENCES `facture` (`num_fact`) ON DELETE CASCADE ON UPDATE CASCADE,
  ADD CONSTRAINT `reglement_ibfk_2` FOREIGN KEY (`client`) REFERENCES `clients` (`id`) ON DELETE CASCADE ON UPDATE CASCADE;
COMMIT;

/*!40101 SET CHARACTER_SET_CLIENT=@OLD_CHARACTER_SET_CLIENT */;
/*!40101 SET CHARACTER_SET_RESULTS=@OLD_CHARACTER_SET_RESULTS */;
/*!40101 SET COLLATION_CONNECTION=@OLD_COLLATION_CONNECTION */;
